558.79, 938.49, 15
-901.68, 606.62, 15
651.82, -645.70, 15
699.97, 613.08, 14
226.13, -918.83, 15
973.90, 13.89, 15
-994.13, 341.02, 15
-458.52, -953.76, 15
847.13, -635.91, 15
719.92, 779.05, 15
-665.80, 830.27, 15
-955.30, -478.64, 15
348.58, -1013.74, 15
-332.64, -1033.54, 15
618.91, 917.22, 15
-813.07, 769.91, 15
-845.06, -750.55, 15
562.04, -993.54, 15
1082.99, 395.65, 15
-261.53, 310.87, 15
-296.35, -261.16, 15
242.77, -298.49, 15
297.29, 230.20, 15
-169.63, 326.85, 15
-305.27, -193.17, 15
25.38, -354.34, 15
306.60, 167.78, 15
-2.77, 344.24, 15
-333.78, 63.42, 15
-291.73, -500.14, 15
524.06, -238.43, 15
312.18, 480.79, 15
-2121.74, 942.72, 15
-1302.04, -1910.20, 15
1734.51, -1508.93, 15
-2105.17, -910.16, 15
620.88, -2202.41, 15
2273.12, 251.59, 15
88.71, 2291.53, 15
-2258.66, 428.80, 15
-795.74, -2165.42, 15
2050.18, -1081.60, 15
1439.51, 1833.40, 15
-1579.59, 1727.77, 15
1902.37, 811.57, 15
-432.55, 2055.22, 15
-2120.36, -124.22, 15
-159.52, -2129.28, 15
2070.33, -574.26, 15
851.00, 1991.28, 15
-1875.98, 1117.31, 15
-1421.13, -1681.37, 15
1418.08, -1722.00, 15
1938.86, 1162.18, 15
-805.61, 2141.48, 15
-2253.04, -556.49, 15
-10.61, -586.65, 15
112.95, 539.04, 15
-487.77, 235.16, 15
-275.61, -464.37, 15
-538.04, -184.35, 15
109.10, -547.23, 15
-550.94, 60.48, 15
-97.97, 741.30, 15
225.72, 716.54, 15
-682.90, 320.22, 15
-457.30, -601.69, 15
528.14, -525.80, 15
553.55, 482.39, 15
-345.05, 647.27, 15
-695.31, -246.62, 15
84.63, -740.43, 15
751.55, 32.34, 15
196.39, 731.86, 15
-379.10, -648.87, 15
603.85, -441.02, 15
548.80, 521.41, 15
-419.83, 641.30, 15
674.47, -564.85, 15
-555.57, -901.86, 12
-2030.11, -1190.64, 15
880.06, -2193.81, 15
2338.57, 592.67, 15
-661.64, -2476.64, 15
-2079.08, 1955.18, 9
-2203.92, -1735.97, 15
2777.23, 1025.46, 15
-585.12, 2817.13, 15
-210.28, -2710.36, 15
2602.67, -514.32, 15
757.60, 2474.11, 15
-2284.92, 1092.68, 15
-1394.38, -2060.24, 15
1797.63, -1654.32, 15
1843.19, 1532.41, 15
2384.28, 47.17, 15
306.66, 2361.42, 15
-2267.61, 609.15, 15
1033.39, 1617.29, 15
-1406.85, 1266.95, 15
-514.77, 1638.02, 15
-1716.76, -269.25, 15
584.15, 1661.56, 15
-1526.49, 902.35, 15
-1047.81, -1419.39, 15
1459.59, 977.63, 15
-798.15, 1561.60, 15
-1638.93, 541.28, 15
-831.36, -1524.84, 15
1435.10, -984.35, 15
-1048.12, 932.66, 15
-1786.77, 186.69, 15
-506.80, -1734.47, 15
-1332.23, 1272.05, 15
-1536.38, -1080.01, 15
823.28, -1712.37, 15
1818.23, 623.78, 15
1267.32, -577.01, 15
760.78, 1131.83, 15
-1052.71, 821.40, 15
-917.32, -926.79, 15
1026.73, 614.84, 15
-772.82, -512.39, 15
405.57, -834.96, 15
901.72, 221.38, 15
-171.65, 914.28, 15
-930.86, 82.45, 15
-119.73, -931.08, 15
890.88, -314.45, 15
445.38, 838.56, 15
1069.04, 240.47, 15
-95.71, 1085.29, 15
-1079.83, 82.86, 15
915.80, -100.04, 15
235.64, 893.97, 13
-472.93, 885.92, 15
169.98, -1045.02, 15
1059.92, 13.06, 15
161.11, 1050.21, 15
-1013.68, 332.29, 15
-568.79, -908.36, 15
303.09, -1044.67, 15
-34.86, 1109.70, 15
-1102.07, 218.40, 15
-399.94, -1061.93, 15
1017.18, -526.79, 15
665.19, 949.41, 15
134.47, 390.23, 15
-364.52, 168.90, 15
-92.64, -380.12, 15
306.46, -227.21, 15
94.45, 361.36, 15
-350.17, 106.48, 15
-273.08, -232.27, 15
242.94, -256.11, 15
187.55, 292.54, 15
-292.72, 178.31, 15
-544.72, -202.09, 12
73.87, -573.01, 15
571.37, 68.84, 15
16.63, 573.01, 15
-531.13, 2260.18, 15
-2305.93, -153.01, 15
-154.22, -2297.08, 15
2238.84, -527.95, 15
887.84, 2122.81, 15
-1999.55, 1128.47, 15
-1353.19, -1850.21, 15
1602.86, -1637.28, 15
1856.97, 1342.19, 15
-1085.03, 2021.74, 15
-2175.24, -740.25, 15
411.40, -2272.56, 15
2324.25, 33.81, 15
277.05, 2322.03, 15
-2255.85, 656.74, 15
1291.70, 1638.60, 15
-1468.23, 1514.34, 15
-1768.52, -1183.52, 15
914.53, -1938.34, 15
2070.05, 622.07, 15
-208.64, 2163.71, 15
-2191.21, 12.97, 15
-341.06, -2185.04, 15
2112.40, -735.40, 15
1025.53, 2027.38, 15
-1811.97, 1418.23, 15
-1698.25, -1606.92, 15
-475.20, -370.40, 15
-205.60, 504.19, 15
-534.32, -86.31, 15
-438.52, 394.34, 15
430.82, -353.05, 15
-290.70, 468.66, 15
-507.02, -227.58, 15
687.35, 295.68, 15
-87.47, 746.14, 15
-753.98, 47.92, 15
-159.68, -740.48, 15
221.51, 698.47, 15
-637.30, 363.65, 15
-458.20, -581.39, 15
440.04, -604.25, 15
652.20, 379.84, 15
-258.69, 714.88, 15
36.56, -740.10, 15
746.54, -74.57, 15
266.55, 712.79, 15
858.05, -213.67, 13
370.14, 819.54, 10
664.70, -696.12, 9
839.07, 515.46, 9
27.79, -1068.64, 13
-2270.13, 774.92, 15
-1153.70, -2066.80, 15
1906.55, -1426.69, 15
1758.90, 1684.62, 15
689.72, -2490.25, 15
-2760.72, 718.75, 12
-1064.91, -2605.53, 15
1858.32, 2270.79, 15
-2225.66, -1636.41, 15
1180.08, -2419.29, 15
2465.19, 904.83, 15
-556.71, 2507.44, 15
-2513.91, -175.15, 15
-234.34, -2459.61, 15
2368.66, -511.45, 15
910.69, 2197.79, 15
-2263.95, -585.77, 15
276.26, -2293.17, 15
71.37, 1911.17, 15
-1852.35, 379.10, 15
1661.62, -840.84, 15
-1431.82, -1101.11, 15
-259.35, 1759.99, 15
-1767.60, -22.99, 15
-211.35, -1748.52, 15
812.56, 1558.38, 15
-1456.43, 959.79, 10
1029.05, -1328.59, 15
-1718.48, -286.83, 15
28.79, -1748.26, 15
1730.95, -230.63, 15
1406.24, 1062.08, 15
-1680.95, -641.64, 15
-1792.88, 541.95, 15
-858.22, -1674.09, 15
1548.12, -1111.39, 15
-1389.62, -418.41, 15
311.10, -1380.38, 15
1381.29, 35.74, 15
145.17, 1346.19, 15
-1293.77, 296.24, 15
-873.86, 305.59, 15
-432.56, -820.17, 15
693.51, -618.14, 15
646.11, 669.60, 15
-567.39, 739.70, 15
-852.76, -388.29, 15
300.92, -892.38, 15
941.62, 107.64, 15
-40.39, 938.38, 15
821.57, 722.40, 15
-560.39, 932.58, 15
890.19, 257.73, 9
-95.74, 938.63, 12
-939.98, -43.72, 15
-111.23, -937.68, 15
906.92, -326.04, 15
-786.06, 669.45, 15
-793.76, -691.16, 15
555.08, -901.57, 15
955.68, 461.44, 15
-218.74, 1040.76, 15
-1065.78, -45.44, 15
-46.96, -1071.22, 15
-645.58, -867.99, 15
753.27, -806.75, 15
-426.81, 1036.03, 15
-1097.79, -252.69, 15
140.72, -1127.25, 15
1141.68, -117.85, 15
235.82, 1134.75, 15
-105.97, 395.29, 15
-376.06, -129.54, 15
4.24, -387.48, 15
378.13, -16.73, 15
93.63, 358.22, 15
-354.48, 78.18, 15
-79.83, -348.22, 15
316.14, -153.65, 15
29.62, 344.73, 15
-340.33, 21.39, 15
-461.18, -352.14, 15
309.41, -487.32, 15
553.21, 156.78, 15
-1407.61, 1841.36, 15
-2080.25, -1022.59, 15
699.44, -2198.94, 15
2272.18, 328.12, 15
48.45, 2292.74, 15
-2270.20, 317.15, 15
-546.35, -2224.39, 15
2103.24, -902.64, 15
1296.84, 1890.74, 15
-1707.37, 1541.81, 15
-1783.29, -1464.00, 15
1125.11, -2024.63, 15
2180.40, 816.47, 15
-449.43, 2290.57, 15
-2336.40, -104.80, 15
2060.09, -330.90, 15
726.24, 1958.70, 15
-1867.55, 992.19, 15
-1266.93, -1711.32, 15
1442.90, -1587.49, 15
1778.55, 1228.36, 15
-926.39, 1968.40, 15
-2081.57, -694.91, 15
313.98, -2195.66, 15
2245.43, -50.56, 15
387.85, 2240.17, 15
-2175.65, 759.78, 15
410.59, -403.25, 15
-309.40, 446.53, 15
-477.78, -253.79, 15
-536.05, 219.51, 15
455.63, -317.35, 15
-368.40, 414.09, 15
688.38, -284.22, 15
364.05, 652.00, 15
578.47, 475.00, 15
-375.70, 651.71, 15
-717.94, -231.19, 15
730.38, 55.75, 15
121.68, 724.10, 15
-722.21, 139.20, 15
-332.28, -663.44, 15
592.04, -459.60, 15
521.84, 546.67, 15
-653.62, -366.28, 15
306.34, -678.01, 15
723.89, 204.59, 15
22.66, 762.16, 15
-756.77, 161.22, 8
-747.04, -414.85, 10
188.17, -851.97, 15
888.48, 5.29, 10
-389.70, -860.63, 9
-974.23, -386.91, 10
260.00, -1041.02, 14
-2374.84, 225.27, 15
-533.76, -2301.67, 15
2206.71, -913.32, 15
-2058.86, -1476.81, 15
1182.91, -2309.71, 15
-430.39, -2779.63, 15
1358.54, 2592.34, 15
-1844.26, -2045.63, 15
1703.94, -2072.13, 15
2247.31, 1344.90, 15
-1085.57, 2322.57, 15
-2420.39, -676.86, 15
380.11, -2432.48, 15
2414.21, 14.71, 15
411.10, 2337.63, 15
1701.09, 1648.77, 15
-1376.67, 1924.86, 15
-2061.15, -1092.95, 15
799.61, -2161.86, 15
-255.44, 1887.04, 15
-1881.56, 27.04, 15
1787.43, -485.73, 15
-1435.94, 970.69, 15
-1158.85, -1342.52, 15
-689.42, 1647.57, 15
-1732.82, -352.18, 15
145.73, -1755.21, 15
374.38, 1714.35, 15
-1603.25, 698.36, 15
-1578.99, -696.42, 9
481.71, -1662.10, 15
1738.26, 150.37, 15
1156.02, 1358.12, 15
-1545.16, -918.91, 15
1771.99, 401.93, 15
-1840.45, 166.87, 15
-475.17, -1823.09, 15
1763.21, -721.20, 15
-1252.52, -728.56, 15
500.35, -1320.11, 15
1356.44, 249.81, 15
-108.03, 1346.17, 15
-1320.38, 70.34, 15
1181.47, -233.12, 15
-899.60, 222.68, 15
-313.50, -873.18, 15
825.10, -427.46, 15
566.71, 732.97, 15
-643.19, 671.72, 15
-775.44, -529.55, 15
383.65, -861.43, 15
948.49, -554.14, 15
711.88, 830.04, 15
-761.82, 777.12, 15
563.61, -718.59, 15
831.87, 405.64, 13
-924.18, -189.97, 15
36.44, -954.05, 15
954.55, -136.45, 15
-889.66, 563.78, 15
-680.87, -811.43, 15
726.57, -772.15, 15
917.18, 534.87, 15
-439.27, 968.27, 15
-1025.85, -291.64, 15
153.54, -1061.20, 15
-519.34, -953.20, 15
851.99, 689.44, 9
-634.89, 909.29, 15
-1045.79, -420.72, 15
297.98, -1098.81, 15
1145.14, 97.16, 15
20.18, 1159.32, 15
-49.33, 404.75, 15
-390.41, -69.23, 15
172.88, -345.40, 15
370.94, 71.40, 15
-95.11, 357.57, 15
-357.26, 61.40, 15
69.56, -349.39, 15
338.51, -91.83, 15
29.55, 343.98, 15
-339.87, 16.03, 15
394.48, -420.74, 15
495.93, 288.02, 15
-1728.59, 1548.87, 15
-1806.62, -1447.94, 15
1129.15, -2013.50, 15
2134.09, 846.92, 15
-449.85, 2246.65, 15
-2289.75, -75.76, 15
-193.58, -2282.81, 15
2235.36, -494.93, 15
854.97, 2125.49, 15
-1942.74, 1225.08, 15
-1479.14, -1770.75, 15
1510.41, -1756.04, 15
1967.05, 1237.14, 15
-868.99, 2167.81, 15
-2255.81, -608.74, 15
2065.34, 26.04, 15
284.15, 2071.60, 15
-2011.62, 658.79, 15
-955.91, -1903.45, 15
1750.57, -1234.81, 15
1565.55, 1489.99, 15
-1363.50, 1706.08, 15
-1921.66, -1074.16, 15
749.95, -2085.77, 15
2207.50, 403.10, 15
-72.18, 2276.86, 15
-2285.08, 341.80, 15
481.19, -310.64, 15
-415.20, 349.17, 15
-442.00, -311.08, 15
-572.39, 70.78, 15
-64.88, -558.24, 15
540.79, -137.51, 12
728.32, -150.72, 15
202.68, 718.72, 15
524.38, 536.56, 15
-472.86, 585.69, 15
-632.28, -411.69, 15
691.77, 246.12, 15
-72.70, 730.89, 15
-734.75, 2.13, 15
-135.04, -729.35, 15
713.02, -233.42, 15
360.74, 665.80, 15
-510.88, -551.14, 15
349.02, -659.32, 15
712.06, 250.24, 15
-120.20, 755.50, 15
-775.54, -43.26, 9
369.41, -792.64, 13
836.13, 304.93, 8
-111.00, 900.43, 15
-922.70, 96.68, 9
-150.47, -934.97, 11
885.17, -393.02, 8
479.80, 869.39, 11
-851.25, -618.12, 14
-2352.08, -330.98, 15
-21.54, -2361.90, 15
2368.11, -377.41, 15
-1543.91, -2023.84, 15
-1143.12, 2631.16, 11
-2712.47, -724.27, 15
2961.36, -202.17, 15
669.53, 2824.99, 15
-1234.79, -2442.63, 15
2225.57, -1476.40, 15
1781.64, 1911.42, 15
-1622.79, 1977.35, 15
-2130.62, -1317.85, 15
967.05, -2255.70, 15
2317.25, 645.60, 15
-142.54, 2361.20, 15
2176.50, -966.02, 15
1254.43, 2041.38, 15
-1803.21, 1518.63, 15
-1696.66, -1590.74, 15
1275.51, -1910.61, 15
-739.62, 1748.51, 15
-1818.92, -527.97, 15
-1673.60, 456.54, 14
1475.23, -933.45, 15
-1102.07, 1369.67, 15
-1566.55, -819.06, 15
577.65, -1670.97, 15
-143.89, 1753.61, 15
-357.67, -1630.23, 15
-1308.28, -1129.66, 15
898.92, -1473.73, 15
710.64, 1642.62, 15
-1196.90, -1359.77, 15
-1845.14, -356.45, 15
108.54, -1884.38, 15
1890.53, -263.07, 15
-960.02, -1069.60, 15
943.05, -1038.44, 15
1129.46, 779.35, 15
-608.61, 1196.06, 15
-1247.03, -415.72, 15
1181.92, 158.50, 15
-920.69, -107.95, 15
85.97, -923.76, 15
925.95, -81.11, 15
302.37, 882.64, 15
-831.58, 399.36, 15
693.20, -640.05, 15
1089.52, -134.13, 15
341.19, 1035.49, 15
-983.97, 458.39, 15
767.42, -500.11, 14
615.42, 692.58, 15
338.11, -881.37, 15
-1047.45, 134.10, 15
-304.73, -1014.21, 15
936.43, -496.69, 15
617.61, 863.33, 15
-729.08, 776.32, 15
-878.57, -607.67, 15
442.36, -977.57, 15
-184.79, -1071.69, 15
469.17, 1003.49, 15
-914.59, 649.50, 15
-771.94, -827.28, 15
652.58, -936.57, 15
1046.39, 497.77, 15
-317.89, 250.95, 15
-287.31, -269.61, 15
260.43, -282.19, 15
328.84, 180.78, 15
-248.81, 270.12, 15
-292.20, -211.57, 15
192.02, -298.59, 15
306.60, 167.78, 15
-103.35, 328.37, 15
-218.56, -535.63, 15
499.66, -286.56, 15
304.63, 485.61, 15
670.97, 1137.62, 15
-2158.23, 840.18, 15
-1083.52, -2036.72, 15
1804.10, -1426.62, 15
-2027.94, -1071.80, 15
824.59, -2135.31, 15
2252.72, 393.03, 15
-126.17, 2289.28, 15
-2285.74, 287.48, 15
-626.41, -2228.38, 15
2133.40, -920.48, 15
1322.19, 1919.73, 15
-1707.79, 1597.51, 15
1862.03, 899.71, 15
-560.08, 2024.19, 15
-2099.92, -322.24, 15
-59.65, -2137.17, 15
2113.25, -411.79, 15
661.39, 2063.86, 15
-1942.55, 998.18, 15
-1229.52, -1827.07, 15
1548.50, -1606.44, 15
1822.16, 1339.03, 15
-1066.55, 2024.77, 15
-2222.95, -698.97, 15
-1.44, -584.50, 15
87.37, 542.51, 15
-507.65, 188.46, 15
-238.53, -484.46, 15
-527.10, -218.26, 15
193.28, -524.52, 15
-549.28, 77.74, 15
-109.68, 740.67, 15
203.29, 723.48, 15
-679.84, 331.84, 15
-369.31, -661.38, 15
552.19, -500.48, 15
489.09, 547.64, 15
-423.20, 599.41, 15
-674.63, -300.44, 15
187.89, -722.47, 15
747.98, 91.05, 15
-2.62, 757.25, 15
-195.21, -724.67, 15
642.91, -382.81, 15
498.23, 571.25, 15
-461.62, 617.23, 15
-470.92, -954.39, 8
-717.96, 100.82, 11
-1799.43, -1522.72, 15
1241.51, -2009.69, 15
2251.09, 881.43, 15
-309.12, -2554.36, 15
-2308.44, 1682.04, 8
-1938.84, -2027.74, 15
2599.04, 1400.81, 15
-1055.00, 2667.18, 15
-2701.72, -670.81, 15
297.94, -2695.84, 15
2648.67, -20.13, 15
402.84, 2552.66, 15
-2409.56, 759.75, 15
-983.13, -2277.62, 15
2089.25, -1254.59, 15
1578.97, 1796.81, 15
2312.37, 562.28, 15
-175.79, 2371.74, 15
-2344.62, 139.23, 15
-478.95, -2266.70, 14
656.59, 1799.72, 15
-1615.79, 980.95, 15
-838.27, 1507.05, 15
-1633.43, -583.45, 15
318.02, 1729.76, 15
-1676.67, 575.69, 15
-789.61, -1577.68, 15
1191.80, 1288.95, 15
631.63, -1521.88, 15
-1724.86, 200.75, 15
-402.03, -1690.09, 15
1594.12, -699.89, 15
-1222.70, 681.40, 15
1636.66, 656.04, 15
-118.77, -1809.86, 15
-1566.54, 980.33, 15
-1223.54, -1429.01, 15
1222.30, -1456.60, 15
1652.64, 976.35, 15
-1448.45, -129.75, 15
-84.41, -1414.98, 15
1367.69, -223.00, 15
353.67, 1310.10, 15
-1191.84, 589.71, 15
-779.42, 500.44, 15
-599.91, -706.38, 15
599.86, -709.05, 15
798.80, 476.25, 15
-326.27, 873.56, 15
-894.75, -279.02, 15
85.45, -937.87, 15
944.66, -54.91, 15
135.48, 931.20, 15
905.84, 614.75, 15
-455.56, 988.86, 15
917.53, 130.42, 14
-79.88, 926.31, 15
888.00, -383.44, 15
-752.54, 682.60, 15
438.87, -964.88, 15
1029.60, 259.28, 15
-186.15, 1047.34, 15
-1066.49, 4.55, 15
-163.62, -1059.69, 15
597.35, -913.24, 15
-325.90, 1064.74, 15
-1117.82, -131.23, 15
-18.67, -1135.60, 15
1132.09, -188.92, 15
287.99, 1119.55, 15
-68.58, 403.97, 15
-394.36, 60.66, 15
-50.27, -385.49, 15
371.90, -75.57, 15
-67.05, 364.64, 15
-338.23, 132.48, 15
-57.93, -352.52, 15
351.45, 5.74, 15
124.14, 322.96, 15
-319.19, 120.01, 15
-426.19, -393.77, 15
238.05, -525.88, 15
550.70, 165.40, 15
-1439.00, 1822.67, 15
-1999.04, -1184.76, 15
869.02, -2137.88, 15
2246.52, 469.24, 15
-130.59, 2288.78, 15
-2285.33, 174.71, 15
-476.68, -2240.86, 15
2167.51, -735.82, 15
1114.02, 2003.62, 15
-1798.58, 1430.76, 15
-1688.37, -1572.52, 15
1310.12, -1911.04, 15
2093.04, 1016.34, 15
-696.71, 2227.59, 15
2082.16, -103.97, 15
540.14, 2019.77, 15
-1954.53, 813.97, 15
-1157.84, -1787.53, 15
1648.66, -1367.51, 15
1653.64, 1387.69, 15
-1135.98, 1855.94, 15
-2007.83, -886.92, 15
585.14, -2138.91, 15
2225.20, 299.38, 15
141.01, 2269.37, 15
-2269.10, 412.27, 15
455.48, -347.25, 15
-409.88, 355.77, 15
-451.72, -297.26, 15
-569.90, 88.63, 15
-21.12, -561.85, 15
536.23, -154.34, 13
730.34, -139.28, 15
145.97, 732.35, 15
480.91, 575.85, 15
-472.86, 585.69, 15
-650.88, -381.61, 15
708.63, 191.31, 15
-174.37, 713.25, 15
-733.84, 36.56, 15
-77.70, -737.67, 15
716.58, -222.25, 15
339.77, 676.75, 15
-502.21, -559.05, 15
409.21, -623.75, 15
675.98, 337.39, 15
-132.07, 754.02, 15
-772.91, -79.58, 9
476.73, -732.83, 14
853.79, 252.18, 8
-139.50, 899.24, 15
-929.95, 9.90, 8
-77.22, -946.10, 15
943.23, -236.82, 8
425.84, 900.37, 11
-832.04, 596.46, 9
-778.88, -707.51, 13
-2298.49, -623.28, 15
273.35, -2348.39, 15
2395.91, -116.70, 15
-1348.47, -2160.75, 15
-2612.77, -1014.31, 15
2964.70, 215.20, 15
176.33, 2894.88, 15
-920.04, -2575.87, 15
2409.63, -1149.45, 15
1494.00, 2139.20, 15
-1879.69, 1726.49, 15
-1921.80, -1600.92, 15
1336.82, -2054.34, 15
2182.41, 995.53, 15
-543.18, 2297.41, 15
2303.10, -577.89, 15
813.94, 2244.47, 15
-2052.72, 1154.79, 15
-1455.39, -1810.89, 14
1581.07, -1661.78, 15
-1101.14, 1545.93, 15
-121.67, 1732.48, 15
-1730.61, 136.67, 15
1601.60, -692.11, 15
-1307.25, 1224.24, 15
-1333.88, -1160.81, 15
-414.20, 1706.45, 15
-73.59, -1667.63, 15
1623.47, -187.36, 15
442.90, 1543.46, 15
-1111.86, -1313.95, 12
1143.00, -1304.29, 15
-892.91, 1087.69, 15
-916.22, -1548.50, 15
-1070.60, 1496.46, 15
-1681.47, -825.67, 15
488.12, -1830.02, 15
1899.99, 243.30, 15
1166.47, -770.09, 15
930.36, 1002.58, 15
-818.29, 1058.29, 15
-1088.96, -725.03, 15
-836.78, -398.90, 15
214.77, -903.32, 15
929.04, 64.09, 15
45.53, 932.39, 15
-913.40, 168.18, 15
-330.29, -871.51, 15
830.66, -449.01, 15
1087.85, 139.46, 15
-10.71, 1088.95, 15
-1074.51, 133.34, 15
878.23, -268.12, 15
411.13, 828.05, 15
845.18, 495.07, 15
-297.78, 953.06, 15
-11.25, -1058.69, 15
1034.71, -233.61, 15
354.13, 1002.01, 15
-956.20, 470.65, 15
-663.31, -839.28, 15
753.41, -779.03, 15
172.20, -1085.17, 15
-1072.51, 301.18, 15
-432.26, -1047.30, 15
971.48, -603.65, 15
814.59, 818.46, 15
146.77, 386.31, 15
-337.25, 218.32, 15
-98.57, -378.63, 15
323.26, -202.60, 15
111.35, 356.78, 15
-338.66, 138.79, 15
-246.44, -261.05, 15
293.35, -197.70, 15
192.37, 290.00, 15
-232.06, 252.92, 15
-553.59, -176.34, 12
109.51, -567.28, 15
568.03, -92.45, 15
157.81, 550.84, 15
-531.13, 2260.18, 15
-2305.43, -152.98, 15
-190.09, -2294.39, 15
2230.08, -562.81, 15
920.10, 2106.85, 15
-1942.99, 1219.99, 15
-1437.78, -1783.99, 15
1523.05, -1709.09, 15
1897.17, 1282.96, 15
-924.33, 2101.17, 15
-2208.02, -637.65, 15
304.43, -2289.10, 15
2324.50, -2.51, 15
457.33, 2292.84, 15
-2222.12, 761.56, 15
1388.35, 1551.18, 15
-1344.61, 1623.16, 15
-1855.93, -1042.13, 15
760.38, -2003.57, 15
2096.44, 524.27, 15
-174.78, 2166.46, 15
-2185.38, 149.75, 15
-510.32, -2150.79, 15
2072.84, -832.45, 15
1146.74, 1953.55, 15
-1762.16, 1470.31, 15
-1770.93, -1524.92, 15
-486.54, -355.37, 15
-141.14, 525.89, 15
-540.56, -35.95, 15
-472.91, 351.11, 15
323.03, -453.76, 15
-516.42, -212.67, 15
696.25, 274.06, 15
-40.70, 750.15, 15
-754.90, -22.87, 15
-124.68, -746.41, 15
729.88, -151.80, 15
275.63, 679.74, 15
-594.40, 431.48, 15
-493.62, -551.64, 15
467.87, -582.97, 15
658.06, 369.61, 15
-290.95, 699.67, 15
-738.45, -112.67, 15
13.44, -741.63, 15
749.25, -51.26, 15
255.38, 716.87, 15
853.64, -226.79, 12
344.36, 830.70, 9
619.92, -736.28, 9
869.84, 462.17, 9
-5.61, -1068.99, 13
-2227.61, 878.97, 15
-1185.85, -2048.52, 15
1883.83, -1456.15, 15
1810.30, 1628.51, 15
571.33, -2515.69, 15
-2759.99, 718.56, 15
-1105.58, -2588.80, 15
1963.01, 2181.59, 15
-2275.70, -1566.08, 15
1180.29, -2419.73, 15
2505.60, 788.55, 15
-478.37, 2525.09, 15
-2520.60, -57.19, 15
-234.39, -2460.11, 15
2360.87, -548.51, 15
1012.46, 2152.25, 15
-2273.06, -550.39, 15
168.52, -2303.84, 15
131.05, 1908.00, 15
-1852.60, 379.15, 15
1661.84, -840.95, 15
-1465.52, -1055.83, 15
-341.58, 1746.15, 15
-1766.53, -50.59, 15
-238.57, -1744.51, 15
713.64, 1606.09, 15
-999.05, -1347.87, 15
-1702.66, -366.94, 15
165.19, -1741.18, 15
1737.07, -176.40, 15
1296.03, 1184.84, 15
-1636.46, -744.86, 15
1795.64, 233.47, 15
-725.24, -1736.65, 15
1674.17, -909.47, 15
-1274.67, -689.07, 15
459.02, -1335.57, 15
1352.62, 271.02, 15
-87.01, 1348.20, 15
-1319.87, 91.01, 15
-909.05, 180.28, 15
-367.43, -851.89, 15
831.45, -414.40, 15
611.22, 695.95, 15
-599.82, 710.39, 15
-791.18, -504.79, 15
382.73, -859.38, 15
930.71, -583.50, 15
685.76, 852.07, 15
-749.59, 788.93, 15
585.63, -700.43, 15
831.87, 405.64, 14
36.61, -958.30, 15
959.09, -106.65, 15
-907.27, 535.96, 15
-602.06, -871.81, 15
726.57, -772.15, 15
872.85, 604.96, 15
-499.25, 939.60, 15
-1021.89, -307.85, 15
186.66, -1056.13, 15
-519.34, -953.20, 15
750.19, 805.52, 15
-637.60, 913.18, 15
-1003.15, -517.46, 15
332.53, -1090.16, 15
1132.00, 204.11, 15
-34.29, 1162.99, 15
-257.43, 315.89, 15
-380.52, -111.43, 15
183.59, -339.83, 15
372.50, 59.69, 15
-49.69, 365.89, 15
-325.20, -159.02, 15
122.82, -333.61, 15
335.94, 97.31, 15
66.83, 338.21, 15
-334.02, 63.46, 15
464.99, -339.10, 15
456.15, 347.60, 15
-1965.06, 1228.55, 15
-1529.38, -1732.22, 15
1423.77, -1806.98, 15
1996.49, 1138.92, 15
-863.85, 2131.07, 15
-2217.77, -570.60, 15
306.42, -2270.42, 15
2290.19, -69.63, 15
408.66, 2254.51, 15
-2175.08, 740.74, 15
-1059.16, -2048.65, 15
1813.81, -1445.74, 15
1630.69, 1664.96, 15
-1350.12, 1908.77, 15
-2029.70, -1103.44, 15
2008.15, 506.32, 15
-107.47, 2097.75, 15
-2118.31, 141.04, 15
-552.98, -2059.81, 15
2006.31, -765.11, 15
1092.12, 1868.78, 15
-1720.46, 1341.25, 15
-1667.35, -1441.37, 15
1191.39, -1883.89, 15
2061.08, 908.06, 15
-600.03, 2201.70, 15
-2308.46, -198.78, 15
-38.15, -586.51, 15
-472.35, 265.28, 15
-350.81, -410.20, 15
-552.97, -142.35, 14
48.89, -557.86, 15
-539.59, 128.82, 15
65.17, 744.15, 15
301.88, 686.02, 15
-610.23, 441.17, 15
-553.11, -514.27, 15
458.15, -587.15, 15
589.31, 437.57, 15
-261.75, 685.47, 15
-712.44, -191.60, 15
-19.99, -744.98, 15
732.95, -165.92, 15
264.21, 710.73, 15
-389.58, -643.51, 15
582.13, -468.52, 15
580.10, 485.96, 15
-419.70, 641.09, 15
-731.70, 423.16, 8
-516.47, -690.77, 15
555.93, -678.93, 12
761.05, 469.56, 8
-934.09, 433.44, 8
-662.27, -823.80, 10
599.68, -2286.42, 15
2397.08, 221.05, 15
-2403.58, -1447.91, 15
2901.36, 627.77, 15
-2797.24, 149.81, 15
-506.64, -2680.54, 15
2526.54, -837.55, 15
1173.42, 2315.66, 15
-2113.80, 1405.20, 15
-1699.70, -1819.99, 15
1577.99, -1866.30, 15
1978.96, 1353.42, 15
-760.35, 2249.74, 15
2367.36, -287.48, 15
634.75, 2295.61, 15
-2148.84, 956.23, 15
-1241.52, 1436.62, 15
-1736.36, 55.47, 15
815.53, 1571.49, 15
-1409.00, 1090.98, 15
-1255.57, -1238.69, 15
1591.00, 737.22, 15
-517.60, 1669.61, 15
108.92, -1666.19, 15
-985.84, -1414.93, 15
1262.99, -1194.31, 15
-942.73, 1044.47, 15
-843.00, -1590.39, 15
-1070.90, 1496.87, 15
-1681.47, -825.67, 15
545.49, -1815.31, 15
1905.29, 213.78, 15
1177.94, -751.50, 15
898.41, 1030.97, 15
-882.80, 1005.11, 15
-1066.19, -759.00, 15
-854.79, -359.35, 15
270.84, -888.38, 15
914.05, 179.47, 15
-41.96, 932.81, 15
-916.16, 153.93, 15
-261.34, -894.87, 15
837.57, -435.98, 15
1093.19, 88.34, 15
40.33, 1088.25, 15
-1069.82, 166.85, 15
899.23, -184.68, 15
371.88, 846.41, 15
837.34, 508.22, 15
-400.04, 914.86, 15
21.83, -1058.27, 15
1044.27, -184.82, 15
290.86, 1022.17, 15
-948.73, 485.53, 15
-609.59, -879.07, 15
740.81, -790.34, 15
222.76, -1075.42, 15
-1072.51, 301.18, 15
-496.72, -1018.03, 15
910.71, -691.94, 15
784.18, 838.77, 15
394.19, -160.21, 15
199.59, 362.14, 15
-337.46, 218.46, 15
-128.06, -370.49, 15
324.11, -203.13, 15
273.34, 256.00, 15
-212.90, 298.63, 15
-266.43, -241.36, 15
177.19, -306.17, 15
323.73, 127.69, 15
-92.77, 330.48, 15
-34.28, -577.48, 15
573.51, -47.84, 15
78.87, 566.28, 15
-317.18, 2299.73, 15
-2311.84, 27.44, 15
-404.35, -2268.24, 15
2178.17, -734.74, 15
1012.39, 2050.44, 15
-1833.42, 1361.65, 15
-1490.54, -1735.54, 15
1438.46, -1775.08, 15
1954.35, 1192.13, 15
-858.04, 2128.56, 15
-2225.66, -568.04, 15
124.82, -2305.37, 15
2320.30, -147.72, 15
528.46, 2276.21, 15
-2182.60, 864.30, 15
1459.34, 1484.24, 15
-1293.39, 1664.58, 15
-1872.20, -1013.13, 15
697.16, -2025.64, 15
2124.36, 392.17, 15
-5.17, 2174.24, 15
-2175.71, 251.96, 15
-543.19, -2139.88, 15
2058.20, -864.16, 15
1237.15, 1897.88, 15
-1691.52, 1551.43, 15
-1794.54, -1497.07, 15
-555.77, -232.66, 15
-124.64, 530.04, 15
-521.95, -144.19, 15
-454.58, 371.78, 15
315.76, -458.55, 15
-531.45, -171.72, 15
732.87, 150.95, 15
-87.47, 746.14, 15
-755.00, 0.73, 15
-193.94, -731.22, 15
701.63, -252.69, 15
296.73, 670.80, 15
-619.98, 393.38, 15
-550.89, -494.46, 15
449.43, -597.30, 15
658.06, 369.61, 15
-201.38, 730.24, 15
-717.68, -203.59, 15
48.11, -739.19, 15
737.26, -144.32, 15
187.15, 737.63, 15
860.31, -200.01, 11
432.85, 787.93, 9
596.46, -755.09, 9
855.20, 489.24, 10
-72.39, -1066.80, 13
-2213.14, 913.48, 15
-1217.59, -2029.53, 15
1813.52, -1542.82, 15
1835.15, 1599.70, 15
531.90, -2524.06, 15
-2736.20, 804.45, 14
-1105.58, -2588.80, 15
1997.37, 2151.20, 15
-2323.73, -1494.34, 15
1066.01, -2473.30, 15
2543.42, 671.23, 15
-439.33, 2534.96, 15
-2519.65, -96.57, 15
-349.44, -2446.67, 15
2351.77, -585.27, 15
944.62, 2182.60, 15
-2272.82, -550.33, 15
240.42, -2297.45, 14
71.35, 1910.67, 15
-1852.60, 379.15, 15
1634.97, -892.58, 15
-1465.73, -1055.98, 15
-259.38, 1760.24, 15
-1766.53, -50.59, 15
-292.97, -1736.21, 15
788.23, 1571.11, 15
-1084.95, -1247.11, 15
-1690.85, -420.08, 15
110.69, -1745.24, 15
1730.71, -230.59, 15
1371.59, 1104.87, 15
-1659.85, -693.75, 15
1801.31, 177.18, 15
-752.38, -1725.34, 15
1597.66, -1037.09, 15
-1324.56, -587.49, 15
438.41, -1343.53, 15
1369.13, 186.31, 15
-2.64, 1353.75, 15
-1315.57, 173.80, 15
-887.94, 264.52, 15
-393.76, -839.77, 15
824.88, -427.34, 15
611.39, 696.14, 15
-652.55, 660.52, 15
-805.49, -479.19, 15
342.13, -876.60, 15
873.25, 316.97, 15
-69.10, 928.68, 15
712.04, 830.23, 15
-711.96, 823.37, 15
563.15, -718.00, 15
824.99, 418.36, 10
-917.92, -203.68, 15
21.46, -951.26, 15
952.79, -151.43, 15
-886.91, 562.04, 15
-718.14, -778.64, 15
701.76, -794.10, 15
899.60, 563.00, 15
-454.35, 961.28, 15
-1010.82, -339.31, 15
170.06, -1058.43, 15
-534.30, -945.19, 15
832.31, 717.68, 15
-607.80, 931.19, 15
-1025.16, -469.37, 15
365.95, -1077.82, 15
1133.81, 186.20, 15
2.07, 1162.00, 15
-159.64, 374.93, 15
-370.66, -140.79, 15
111.26, -369.88, 15
336.10, 171.32, 15
-164.95, 330.36, 15
-359.10, -45.74, 15
80.38, -346.81, 15
349.41, 27.60, 15
108.63, 327.71, 15
-339.22, -26.47, 15
380.32, -431.92, 15
450.67, 354.69, 15
-1821.37, 1437.42, 15
-1660.08, -1607.74, 15
1248.91, -1933.17, 15
2079.51, 979.73, 15
-625.46, 2210.47, 15
-2247.12, -430.59, 15
128.12, -2284.41, 15
2262.65, -354.46, 15
652.53, 2197.15, 15
-2077.37, 971.93, 15
-1304.47, -1897.94, 15
1670.32, -1609.02, 15
1824.96, 1448.19, 15
-1133.70, 2044.74, 15
-2191.99, -779.59, 15
2040.80, 315.19, 15
56.47, 2095.74, 15
-2096.05, 338.76, 15
-680.56, -2021.25, 15
1878.83, -1038.52, 15
1369.47, 1675.87, 15
-1540.00, 1545.46, 15
-1794.35, -1278.52, 15
975.89, -1997.06, 15
2151.74, 642.08, 15
-320.39, 2256.11, 15
-2311.62, -54.09, 15
-155.75, -567.00, 15
-455.49, 294.68, 15
-382.29, -382.10, 15
13.99, -561.33, 15
-519.32, 195.08, 15
88.39, 741.75, 15
462.37, 590.20, 15
-542.37, 522.34, 15
-605.94, -450.82, 15
665.47, 309.69, 15
-174.37, 713.25, 15
-726.01, -123.86, 15
-77.91, -739.66, 15
737.54, -142.89, 15
253.16, 715.01, 15
-429.02, -617.92, 15
526.98, -528.73, 15
676.20, 337.51, 15
-314.51, 697.90, 15
532.62, -693.59, 11
805.72, 382.72, 9
-167.94, 896.66, 12
-928.78, -77.37, 9
-106.89, -944.47, 15
-723.69, -768.69, 11
-2299.46, -623.54, 15
273.38, -2348.64, 15
2401.40, -116.96, 15
-1314.80, -2181.99, 15
-2597.07, -1055.20, 15
2966.45, 168.78, 15
-2760.43, 498.05, 15
-838.57, -2601.70, 15
2352.68, -1260.86, 15
1527.09, 2115.39, 15
-1879.50, 1726.32, 15
-1946.19, -1570.38, 15
1271.72, -2094.68, 15
2182.18, 995.43, 15
-579.07, 2288.88, 15
2303.10, -577.89, 15
918.31, 2204.10, 15
-2034.86, 1186.97, 15
-1484.14, -1788.70, 15
1607.72, -1637.76, 15
-1002.57, 1611.90, 15
-13.22, 1736.70, 15
-1728.27, 163.69, 15
1580.10, -742.24, 15
-1206.63, 1280.58, 15
-1420.61, -1053.31, 15
-306.85, 1729.24, 15
-201.53, -1640.67, 15
577.87, 1475.90, 15
-1187.26, -1237.25, 15
1032.19, -1382.10, 15
-696.32, 1228.94, 15
-987.77, -1503.87, 15
-849.71, 1630.64, 15
-1768.92, -608.78, 15
372.52, -1855.22, 15
1914.69, 34.45, 15
1002.66, -974.20, 15
1035.75, 896.35, 15
-752.84, 1110.64, 15
-1185.02, -567.73, 15
1166.92, 250.47, 15
-903.41, -207.81, 15
172.11, -911.90, 15
930.46, -8.61, 15
175.20, 913.86, 15
-888.30, 236.51, 15
741.04, -584.00, 15
1097.05, -31.54, 15
275.78, 1054.54, 15
-1014.63, 379.41, 15
824.24, -400.75, 12
487.77, 787.41, 15
-1045.44, 117.27, 15
-224.65, -1034.90, 15
996.80, -360.53, 15
562.48, 900.22, 15
-830.30, 666.15, 15
-785.28, -725.33, 15
503.72, -950.24, 15
-66.80, -1086.95, 15
373.25, 1043.24, 15
-980.24, 545.91, 15
-705.18, -885.20, 15
751.74, -860.68, 15
-343.17, 214.61, 15
-278.57, -278.27, 15
293.58, -247.52, 15
339.48, 159.88, 15
-248.81, 270.12, 15
-310.29, -183.03, 15
231.48, -268.16, 15
338.91, 81.18, 15
-24.23, 342.90, 15
-210.16, -538.97, 15
531.03, -221.84, 15
355.35, 448.87, 15
670.71, 1137.19, 15
-2184.13, 772.59, 15
-1146.50, -2001.65, 15
1825.77, -1397.95, 15
-2028.16, -1071.91, 15
689.54, -2182.41, 15
2258.59, 357.78, 15
-18.77, 2292.92, 15
-2280.97, 323.15, 15
-729.35, -2194.21, 15
2033.91, -1113.99, 15
1352.02, 1898.84, 15
-1606.39, 1702.88, 15
1915.05, 781.84, 15
-432.61, 2055.47, 15
-2120.36, -124.22, 15
-192.77, -2126.53, 15
2070.33, -574.26, 15
943.27, 1948.99, 15
-1910.41, 1058.39, 15
-1368.06, -1725.14, 15
1497.21, -1653.66, 15
1902.02, 1222.47, 15
-905.27, 2101.84, 15
-2261.22, -521.16, 15
-10.61, -586.65, 15
61.99, 547.25, 15
-518.43, 156.39, 15
-230.93, -488.13, 15
-535.10, -192.73, 15
91.95, -550.37, 15
-532.48, 153.82, 15
6.91, 747.97, 15
248.00, 709.14, 15
-666.92, 351.75, 15
-457.15, -601.49, 15
527.96, -525.63, 15
596.48, 428.60, 15
-314.45, 662.95, 15
-720.63, -158.01, 15
61.45, -742.71, 15
751.55, 32.34, 15
207.80, 728.70, 15
-295.05, -690.61, 15
623.22, -411.83, 15
587.62, 476.84, 15
-419.70, 641.09, 15
-746.45, -222.83, 8
645.79, -594.48, 15
-623.82, -855.14, 11
706.09, -2255.57, 15
2381.80, 370.84, 15
-1855.83, 2173.49, 12
-2380.45, -1485.15, 15
2884.14, 671.38, 15
-229.63, 2871.83, 15
-2799.24, 106.09, 15
-464.69, -2688.13, 15
2539.08, -797.89, 15
1173.42, 2315.66, 15
-2091.79, 1438.19, 15
-1642.67, -1872.96, 15
1607.78, -1842.36, 15
2000.70, 1322.88, 15
-865.02, 2211.87, 15
2366.86, -287.42, 15
706.09, 2274.42, 15
-2149.07, 956.33, 15
-1208.16, -1961.82, 15
1691.81, -1520.61, 15
-1241.52, 1436.62, 15
-1735.52, 28.30, 15
-1342.99, 1181.15, 15
-1333.50, -1160.48, 15
-493.63, 1684.93, 15
30.71, -1668.72, 15
1623.72, -187.38, 15
467.03, 1536.59, 15
-1071.04, -1349.03, 13
1143.33, -1304.66, 15
-751.80, 1192.85, 15
-963.88, -1518.69, 15
-900.00, 1602.86, 15
-1758.73, -636.17, 15
430.25, -1842.43, 15
1914.69, 34.45, 15
1047.77, -926.65, 15
1035.94, 896.51, 15
-752.70, 1110.43, 15
-1166.26, -604.25, 15
1170.94, 232.26, 15
-879.99, -291.47, 15
85.99, -924.01, 15
927.86, -66.69, 15
175.16, 913.61, 15
-897.21, 209.10, 15
-434.38, -819.78, 15
712.86, -618.08, 15
1095.03, -65.77, 15
259.27, 1058.72, 15
-1008.58, 395.21, 15
836.13, -374.70, 12
487.64, 787.20, 15
-1049.79, 68.16, 15
-224.65, -1034.90, 15
958.68, -452.26, 15
534.08, 917.36, 15
-787.26, 716.88, 15
-849.93, -648.78, 15
503.72, -950.24, 15
-66.80, -1086.95, 15
437.68, 1017.89, 15
-980.24, 545.91, 15
-691.11, -895.91, 15
778.09, -836.59, 15
-332.73, 230.46, 15
-287.13, -269.44, 15
289.68, -252.08, 15
225.98, 299.57, 15
-261.19, 258.17, 15
-263.18, -246.00, 15
243.80, -257.01, 15
313.67, 153.01, 15
-29.63, 342.97, 15
-141.33, -560.97, 15
494.69, -294.08, 15
369.37, 437.73, 15
688.14, 1126.15, 15
-2159.63, 840.73, 15
-1177.64, -1983.50, 15
1734.51, -1508.93, 15
-2027.50, -1071.56, 15
723.39, -2170.90, 15
2264.15, 322.49, 15
17.06, 2292.94, 15
-2280.97, 323.15, 15
-695.28, -2206.29, 15
2068.84, -1050.46, 15
1381.67, 1877.69, 15
-1632.62, 1677.39, 15
1902.37, 811.57, 15
-464.72, 2048.70, 15
-2118.66, -157.37, 15
-159.54, -2129.53, 15
2095.21, -476.68, 15
851.00, 1991.28, 15
-1893.64, 1088.11, 15
-1394.53, -1703.17, 15
1470.53, -1676.10, 15
1901.60, 1222.20, 15
-905.37, 2102.07, 15
-2243.83, -591.56, 15
44.37, -585.32, 15
53.44, 548.15, 15
-494.88, 219.80, 15
-297.07, -450.94, 15
-550.55, -141.73, 15
184.73, -526.54, 15
-527.41, 170.38, 15
-63.14, 745.33, 15
291.80, 692.26, 15
-672.12, 341.17, 15
-493.66, -571.58, 15
476.44, -572.74, 15
589.71, 437.87, 15
-335.01, 652.81, 15
-718.07, -169.25, 15
26.58, -744.78, 15
751.95, 8.84, 15
138.67, 744.95, 15
-348.05, -665.48, 15
559.35, -495.11, 15
514.82, 554.31, 15
-389.07, 659.83, 15
-788.87, 304.23, 8
-472.59, -722.10, 12
645.97, -594.65, 15
-555.05, -901.01, 10
-2100.07, -1061.29, 15
740.93, -2243.31, 15
2386.81, 333.51, 15
-1889.57, 2144.23, 10
-2333.09, -1558.94, 15
2849.99, 805.93, 15
-363.60, 2855.19, 15
-2793.14, -25.12, 15
-337.54, -2701.49, 15
2572.96, -677.85, 15
989.02, 2399.95, 15
-2157.09, 1338.73, 15
-1522.78, -1972.30, 15
1636.04, -1816.64, 15
1913.76, 1444.96, 15
2379.48, -176.33, 15
562.71, 2314.32, 15
-2213.62, 784.44, 15
1224.24, 1472.57, 15
-1263.48, 1416.68, 15
-1735.69, -53.07, 15
838.33, 1555.47, 15
-1455.92, 1021.89, 15
-1196.32, -1296.35, 15
1572.10, 789.03, 15
-597.23, 1648.93, 15
109.21, -1670.68, 15
-1012.79, -1406.25, 15
1246.86, -1216.52, 15
-928.27, 1061.33, 15
-792.68, -1615.51, 15
-1139.86, 1445.05, 15
-1641.15, -903.67, 15
545.42, -1815.07, 15
1900.16, 273.57, 15
1154.51, -788.36, 15
914.75, 1017.18, 15
-866.82, 1018.59, 15
-1066.19, -759.00, 15
-830.67, -412.04, 15
242.82, -895.93, 15
924.52, 107.49, 15
89.15, 928.98, 15
-914.19, 153.60, 15
-288.55, -884.37, 15
837.57, -435.98, 15
1093.19, 88.34, 15
91.28, 1085.17, 15
-1060.82, 216.79, 15
864.47, -308.89, 15
385.79, 842.08, 14
859.79, 468.18, 15
-298.08, 954.02, 15
5.29, -1058.49, 15
1044.27, -184.82, 15
385.36, 990.69, 15
-924.93, 529.45, 15
-623.10, -869.24, 15
675.15, -843.60, 15
188.45, -1078.41, 15
-1056.51, 350.87, 15
-559.33, -985.02, 15
877.28, -733.85, 15
831.22, 784.55, 15
409.32, -116.23, 15
146.95, 386.78, 15
-319.78, 244.43, 15
-189.78, -343.57, 15
292.43, -246.55, 15
206.42, 312.48, 15
-307.49, 199.90, 15
-184.17, -308.74, 15
195.97, -294.51, 15
205.75, 280.66, 15
-251.09, 234.04, 15
-88.19, -571.74, 15
567.78, -92.41, 15
157.40, 549.40, 15
-2309.10, 172.04, 15
-546.77, -2244.87, 15
2132.19, -871.05, 15
1075.49, 2016.92, 15
-1789.39, 1417.80, 15
-1595.50, -1638.52, 15
1324.92, -1861.67, 15
2025.00, 1067.73, 15
-756.87, 2165.02, 15
-2270.79, -357.46, 15
-19.41, -2308.67, 15
2301.34, -291.70, 15
667.17, 2230.61, 15
-2086.98, 1062.21, 15
1570.16, 1365.33, 15
-1158.98, 1759.61, 15
-1969.99, -802.05, 15
568.81, -2063.54, 15
2141.52, 224.44, 15
130.27, 2164.08, 15
-2148.18, 420.76, 15
-740.62, -2078.23, 15
1983.81, -1021.81, 15
1381.20, 1795.14, 15
-1538.85, 1702.97, 15
-1922.47, -1319.53, 15
-74.71, 541.12, 15
-538.03, -61.21, 15
-19.25, -539.91, 15
-428.82, 397.92, 15
364.26, -421.72, 15
-553.17, -60.76, 15
731.15, 162.54, 15
6.23, 750.47, 15
-747.94, 106.62, 15
-194.26, -732.43, 15
679.77, -306.68, 15
397.91, 617.08, 15
-573.14, 458.55, 15
-557.60, -484.97, 15
381.16, -642.15, 15
725.18, 206.47, 15
-61.69, 754.48, 15
-124.20, -726.21, 15
699.38, -267.39, 15
331.23, 682.91, 15
-595.99, 496.19, 15
813.65, -344.30, 11
430.63, -857.43, 14
950.73, 246.83, 8
-1602.14, -1742.36, 15
1431.28, -1894.02, 15
2148.73, 1125.71, 15
-28.44, -2572.34, 15
-2496.64, 1379.18, 5
-1601.96, -2308.03, 15
2397.60, 1709.27, 15
-2621.16, -918.71, 15
548.80, -2655.13, 15
2641.42, 186.60, 15
162.09, 2578.91, 15
-2470.35, 530.90, 15
-838.78, -2334.11, 15
2142.00, -1153.30, 15
1369.38, 1952.70, 15
2300.16, 597.52, 15
-249.58, 2362.86, 15
-2347.07, 29.19, 15
-407.93, -2280.81, 15
656.42, 1799.25, 15
-1673.69, 877.99, 15
-884.82, 1479.91, 15
-1623.88, -608.81, 15
209.36, 1746.24, 15
-1716.49, 443.08, 15
-739.93, -1601.59, 15
1171.85, 1307.79, 15
-1127.13, 1319.67, 15
725.57, -1479.68, 15
1560.59, 468.00, 15
-1730.04, 146.73, 15
-349.08, -1702.07, 15
1615.45, -649.84, 15
-1243.84, 643.09, 15
1622.29, 679.89, 15
-147.01, -1807.53, 15
-1550.82, 1004.55, 15
-1223.21, -1428.63, 15
1222.30, -1456.60, 15
1688.04, 927.36, 15
-1457.22, -39.12, 15
-151.15, -1414.45, 15
1326.51, -413.62, 15
534.99, 1250.35, 15
-1183.59, 608.83, 15
-738.18, 559.90, 15
-673.80, -637.01, 15
565.67, -735.98, 15
829.95, 410.68, 15
-227.43, 897.89, 15
-916.68, -179.06, 15
-17.41, -940.09, 15
932.03, -157.53, 15
324.38, 895.30, 15
989.57, 465.88, 15
-312.53, 1043.19, 15
922.75, 0.53, 15
78.71, 914.62, 15
-594.05, 813.11, 15
251.14, -1029.05, 15
1059.84, 29.63, 15
62.15, 1061.68, 15
-1037.49, 252.40, 15
-466.24, -965.02, 15
431.26, -999.42, 15
-86.90, 1107.85, 15
-1118.92, 114.40, 15
-264.66, -1104.48, 15
1033.37, -494.86, 15
7.97, 412.17, 15
-396.34, 60.97, 15
-62.53, -385.21, 15
325.53, -197.01, 15
159.51, 336.07, 15
-335.53, 143.67, 15
-241.99, -264.50, 15
330.30, -123.82, 15
238.79, 252.46, 15
-207.06, 273.13, 15
-538.37, -219.10, 12
170.93, -552.41, 15
573.24, 50.96, 15
-10.23, 572.91, 10
-705.29, 2209.93, 15
-2270.33, -439.59, 15
61.54, -2303.43, 15
2271.98, -351.42, 15
684.93, 2195.65, 15
-2065.45, 1001.04, 15
-1173.79, -1968.33, 15
1771.42, -1452.05, 15
1723.36, 1510.30, 15
-1209.98, 1951.30, 15
-2116.81, -910.33, 15
518.06, -2253.47, 15
2311.54, 214.83, 15
167.79, 2330.47, 15
-2273.81, 585.56, 15
1159.87, 1734.41, 15
-1514.65, 1467.56, 15
-1730.68, -1238.20, 15
974.54, -1908.59, 15
2059.36, 654.11, 15
-309.72, 2151.07, 15
-2189.05, -55.46, 15
-306.67, -2188.62, 15
2153.73, -601.89, 15
961.68, 2058.43, 15
-1876.64, 1331.91, 15
-1630.28, -1694.28, 15
-480.93, -362.93, 15
-181.75, 513.27, 15
-499.67, -208.04, 15
-502.68, 315.53, 15
452.03, -325.45, 15
-334.21, 440.59, 15
-496.91, -251.65, 15
622.92, -407.28, 15
487.76, 564.78, 15
682.65, 306.39, 15
-145.44, 737.04, 15
-754.25, -58.31, 15
-42.46, -755.56, 15
739.64, -82.67, 15
285.92, 674.66, 15
-650.12, 344.49, 15
-431.77, -604.06, 15
503.70, -552.98, 15
669.28, 348.87, 15
-260.22, 719.11, 15
94.21, -734.99, 15
749.21, -39.51, 15
187.27, 738.11, 15
-823.31, -216.30, 8
-14.78, -868.87, 15
865.77, -187.07, 11
265.67, 861.20, 14
631.35, -726.50, 9
841.20, 516.77, 9
-22.33, -1069.27, 13
-2268.24, 774.27, 15
-1022.03, -2134.15, 15
1950.19, -1366.42, 15
1758.53, 1684.28, 15
572.05, -2518.86, 15
-2747.23, 761.27, 14
-1105.29, -2588.11, 15
1963.01, 2181.59, 15
-2299.48, -1530.05, 15
1142.34, -2437.88, 15
2495.34, 828.39, 15
-399.52, 2540.53, 15
-2520.94, -17.79, 15
-234.41, -2460.36, 15
2351.28, -585.15, 15
978.51, 2167.35, 15
-2272.34, -550.21, 15
240.39, -2297.21, 14
190.55, 1902.48, 15
-1852.35, 379.10, 15
1648.50, -866.81, 15
-1465.52, -1055.83, 15
-259.49, 1760.98, 15
-1767.24, 59.88, 15
-265.76, -1740.32, 15
763.58, 1583.23, 15
-1433.09, 1010.02, 11
1046.09, -1307.85, 11
-1713.79, -313.65, 15
28.79, -1748.26, 15
1734.10, -203.52, 15
1406.24, 1062.08, 15
-1680.72, -641.55, 15
-1794.80, 542.53, 15
-859.13, -1675.87, 15
1530.77, -1135.60, 15
-1367.78, -482.82, 15
332.51, -1374.86, 15
1379.25, 78.87, 15
124.10, 1348.05, 15
-1293.52, 296.19, 15
-873.86, 305.59, 15
-367.23, -851.43, 15
730.76, -573.61, 15
646.11, 669.60, 15
-520.08, 773.69, 15
-826.84, -440.80, 15
272.53, -900.15, 15
940.87, 107.55, 15
-84.36, 935.96, 15
774.84, 772.30, 15
-631.47, 886.00, 15
491.98, -765.25, 15
854.66, 352.51, 8
-166.47, 916.00, 9
-930.31, -28.71, 15
-67.33, -944.10, 15
943.43, -195.66, 15
-786.44, 669.78, 15
-760.68, -727.77, 15
623.75, -855.50, 15
955.68, 461.44, 15
-283.25, 1024.83, 15
-1060.61, -111.89, 15
-46.95, -1070.97, 15
-523.32, 994.18, 15
-1090.33, -287.12, 15
123.33, -1131.55, 15
1148.65, -28.41, 15
164.52, 1147.52, 15
-49.52, 406.24, 15
-395.21, -44.85, 15
-13.92, -387.25, 15
369.26, 83.12, 15
-89.51, 359.01, 15
-360.27, -40.17, 15
-95.93, -343.61, 15
349.98, -32.66, 15
129.07, 320.75, 15
-340.37, 16.05, 15
-387.46, -431.93, 15
338.95, -466.64, 15
476.97, 318.43, 15
1078.37, 763.42, 14
-1577.03, 1704.99, 15
-1921.14, -1307.30, 15
1033.89, -2064.87, 15
2193.92, 677.85, 15
-344.16, 2265.76, 15
-2291.25, -4.18, 15
-264.87, -2276.14, 15
2210.20, -599.26, 15
954.25, 2084.46, 15
-1904.76, 1286.02, 15
-1534.08, -1724.04, 15
1483.11, -1779.81, 15
1985.93, 1206.12, 15
-868.71, 2167.12, 15
-2322.00, -473.30, 15
2066.24, -6.23, 15
284.08, 2071.11, 15
-2001.08, 690.14, 15
-1015.04, -1872.88, 15
1711.33, -1289.05, 15
1542.08, 1514.27, 15
-1363.50, 1706.08, 15
-1937.99, -1043.88, 15
750.12, -2086.24, 15
2194.31, 471.98, 15
-72.18, 2276.86, 15
-2294.64, 270.24, 15
481.19, -310.64, 15
-431.10, 329.33, 15
-370.16, -393.85, 15
-573.67, 61.86, 15
-116.91, -549.96, 15
552.57, -77.66, 9
738.73, -81.82, 15
134.50, 734.54, 15
481.07, 576.04, 15
-499.95, 563.08, 15
-645.05, -391.86, 15
683.51, 267.52, 15
-118.17, 724.68, 15
-736.25, 2.14, 15
-158.19, -726.73, 15
723.65, -199.88, 15
329.26, 682.20, 15
-511.05, -551.32, 15
428.64, -610.86, 15
675.98, 337.39, 15
-167.26, 747.00, 15
453.86, -747.80, 14
833.14, 318.67, 9
-111.61, 905.40, 13
-930.50, -48.29, 10
-47.66, -948.80, 15
931.09, -280.75, 8
453.77, 886.63, 11
-792.47, -697.57, 12
-2290.16, -659.60, 15
346.67, -2339.20, 15
2400.40, -116.91, 15
-1246.35, -2222.66, 15
-2581.18, -1096.04, 15
2963.45, 215.11, 15
-2764.42, 454.30, 15
-836.96, -2596.70, 15
2424.11, -1110.21, 15
1425.74, 2183.79, 15
-1982.30, 1604.45, 15
-1869.35, -1658.85, 15
1399.78, -2010.75, 15
2149.57, 1062.90, 15
-578.65, 2287.19, 15
2333.23, -432.64, 15
778.85, 2257.15, 15
-2088.25, 1090.32, 15
-1339.44, -1898.26, 14
1681.60, -1559.61, 15
-1101.29, 1546.13, 15
-202.75, 1725.13, 15
-1735.36, 55.43, 15
1632.28, -616.30, 15
-1287.61, 1244.17, 15
-1333.69, -1160.64, 15
-414.25, 1706.69, 15
4.62, -1664.49, 15
1610.69, -262.86, 15
443.17, 1544.42, 15
-1112.83, -1315.09, 11
1163.58, -1286.64, 15
-877.21, 1103.27, 15
-916.34, -1548.71, 15
-1070.60, 1496.46, 15
-1706.44, -772.73, 15
488.18, -1830.26, 15
1903.80, 213.62, 15
1199.34, -713.44, 15
882.03, 1044.70, 15
-913.43, 976.67, 15
-1054.20, -775.56, 15
-810.45, -450.51, 15
325.80, -869.73, 15
914.54, 179.56, 15
-71.09, 931.04, 15
-921.91, 140.13, 15
-248.39, -902.70, 15
830.66, -449.01, 15
1087.10, 139.37, 15
-44.74, 1088.33, 15
-1076.71, 116.56, 15
893.27, -212.74, 15
358.52, 851.88, 14
-430.04, 905.30, 15
5.29, -1058.74, 15
1053.53, -119.21, 15
306.72, 1017.27, 15
-957.10, 471.09, 15
-582.10, -898.11, 15
269.93, -1052.18, 15
-1096.74, 199.59, 15
-432.92, -1048.92, 15
963.61, -619.83, 15
721.63, 904.06, 15
65.86, 408.22, 15
-378.73, 134.03, 15
-215.33, -326.66, 15
343.44, -166.10, 15
111.35, 356.78, 15
-353.32, 95.49, 15
-148.96, -326.09, 15
254.49, -244.27, 15
222.56, 266.88, 15
-239.50, 245.19, 15
-556.28, -167.67, 12
91.73, -570.42, 15
573.94, -38.85, 15
123.15, 559.87, 11
-774.08, 2187.05, 15
-2287.94, -332.66, 15
-10.46, -2305.23, 15
2268.19, -387.21, 15
685.07, 2196.13, 15
-2080.84, 968.65, 15
-1234.72, -1930.70, 15
1771.42, -1452.05, 15
1746.75, 1483.19, 15
-1179.34, 1969.97, 15
-2117.04, -910.43, 15
518.17, -2253.96, 15
2306.66, 250.78, 15
167.70, 2329.22, 15
-2305.95, 442.40, 15
1160.01, 1734.62, 15
-1581.94, 1395.14, 15
-1691.14, -1291.67, 15
1034.54, -1878.74, 15
2039.57, 718.72, 15
-376.91, 2141.08, 15
-2185.29, -158.07, 15
-100.50, -2208.97, 15
2194.87, -432.11, 15
798.27, 2127.68, 15
-1975.93, 1182.03, 15
-288.40, 460.96, 15
-489.15, -231.12, 15
-542.17, 242.06, 15
466.58, -303.77, 15
-511.81, -229.73, 15
678.94, -305.49, 15
403.65, 627.36, 15
672.96, 327.68, 15
-269.53, 701.77, 15
-742.39, -140.11, 15
39.87, -748.19, 15
737.93, 21.64, 15
166.66, 715.08, 15
-675.94, 293.10, 15
-383.43, -636.13, 15
591.06, -458.84, 15
-689.09, -279.86, 15
162.77, -723.67, 15
745.42, 101.11, 15
117.43, 752.90, 15
-811.52, -268.40, 15
188.11, -851.72, 15
887.22, -22.45, 11
-455.44, -827.15, 9
177.75, -1056.91, 14
-2361.68, 336.31, 15
-640.95, -2273.89, 15
2176.87, -981.72, 15
-2058.66, -1476.67, 15
1218.38, -2290.06, 15
-386.80, -2785.27, 15
1190.51, 2664.37, 15
-2363.12, 1564.36, 15
-1811.74, -2073.82, 15
1829.18, -1960.75, 15
2134.68, 1515.61, 15
-1228.16, 2249.58, 15
-2359.71, -863.52, 15
531.25, -2403.74, 15
2403.45, 202.89, 15
337.29, 2345.37, 15
1593.78, 1750.69, 15
-1521.42, 1810.02, 15
-2021.44, -1154.21, 15
864.61, -2130.49, 14
-430.75, 1853.87, 15
-1870.25, -207.75, 15
1819.88, -344.75, 15
-1582.17, 711.41, 15
-793.52, 1606.45, 15
-1656.91, -617.54, 15
309.53, -1734.60, 15
266.54, 1734.14, 15
-655.08, -1534.52, 15
-1447.81, -931.35, 15
657.88, -1593.81, 15
1696.35, 419.70, 15
981.11, 1496.87, 15
-1370.73, -1174.36, 15
-186.00, -1878.06, 15
1849.80, -467.68, 15
-1026.20, -1008.78, 15
825.38, -1137.00, 15
1199.42, 671.30, 15
-475.39, 1257.92, 15
-1267.31, -357.44, 15
1192.16, 28.54, 15
-922.27, -93.55, 15
-15.38, -927.62, 15
901.81, -224.15, 15
329.54, 872.06, 15
-797.82, 479.83, 15
-627.89, -691.45, 15
596.64, -730.90, 15
1064.30, -268.92, 15
436.92, 999.69, 15
-929.12, 563.70, 15
797.16, -451.21, 12
657.47, 652.79, 15
365.48, -870.38, 15
-1045.48, 150.49, 15
-320.46, -1009.09, 15
911.91, -539.89, 15
617.32, 862.93, 15
-752.45, 752.63, 15
-868.97, -621.33, 15
502.55, -948.03, 15
-168.06, -1074.69, 15
469.28, 1003.72, 15
-914.79, 649.65, 15
-784.78, -815.12, 15
696.21, -905.55, 15
1027.65, 549.32, 15
-270.12, 301.43, 15
-278.57, -278.27, 15
308.47, -228.70, 15
269.85, 260.76, 15
-226.97, 288.72, 15
-315.86, -173.24, 15
69.17, -347.43, 15
291.73, 190.65, 15
-143.17, 312.24, 15
-79.25, -573.05, 15
560.90, -127.69, 15
241.39, 519.12, 15
189.57, 2315.25, 15
-2261.46, 493.83, 15
-888.48, -2130.13, 15
2004.56, -1128.74, 15
1390.62, 1785.31, 15
-1530.70, 1661.34, 15
-1829.24, -1368.92, 15
1019.08, -2045.17, 15
2164.59, 738.96, 15
-340.04, 2268.15, 15
-2297.99, -107.54, 15
-271.30, -2292.75, 15
2208.29, -716.10, 15
974.27, 2117.35, 15
-1955.85, 1281.89, 15
1723.35, 1155.72, 15
-838.86, 1927.09, 15
-2036.18, -614.04, 15
307.07, -2118.11, 15
2153.47, -10.66, 15
365.71, 2136.93, 15
-2099.12, 619.94, 15
-963.70, -1986.31, 15
1839.49, -1260.18, 15
1590.53, 1605.20, 15
-1342.45, 1858.94, 15
-2071.32, -1069.21, 15
98.38, -575.15, 15
-74.88, 542.36, 15
-540.06, -35.91, 15
-119.50, -526.61, 15
294.19, -473.26, 15
-555.14, -26.06, 15
743.40, 93.41, 15
-5.50, 750.98, 15
-742.12, 141.55, 15
-261.98, -711.02, 15
688.33, -285.00, 15
407.09, 610.16, 15
-551.02, 484.90, 15
-549.96, -493.63, 15
298.12, -684.66, 15
728.32, 195.12, 15
-73.47, 753.43, 15
-32.72, -736.77, 15
704.64, -256.86, 15
320.63, 688.23, 15
-632.89, 448.16, 15
802.27, -369.45, 12
496.50, -821.64, 13
928.57, 320.28, 9
-220.78, -1044.16, 8
-727.78, -46.36, 9
-1370.38, -1925.66, 15
1683.51, -1675.59, 15
1971.16, 1416.79, 15
252.86, -2563.56, 15
-2665.07, 1015.54, 13
-1342.95, -2473.72, 15
2133.27, 2027.41, 15
-2462.08, -1274.73, 15
910.80, -2538.82, 15
2554.08, 631.53, 15
-240.15, 2561.52, 15
-2520.01, 60.97, 15
-425.67, -2434.31, 15
2286.65, -802.86, 15
1114.30, 2106.42, 15
-2309.33, -371.35, 15
60.38, -2309.21, 13
279.49, 1891.46, 15
-1824.34, 493.86, 15
1605.64, -942.85, 15
-147.20, 1752.33, 15
-1766.58, 87.50, 15
-374.05, -1720.82, 15
812.56, 1558.38, 15
-1366.82, 1097.24, 15
1022.01, -1319.49, 12
-1714.28, -313.74, 15
28.79, -1748.26, 15
1722.66, -284.56, 15
1354.93, 1126.80, 15
-1670.72, -667.82, 15
-806.24, -1701.66, 15
1582.09, -1062.48, 15
-1342.27, -545.82, 15
417.29, -1349.98, 15
1376.11, 121.93, 15
-23.79, 1353.54, 15
-1309.50, 214.82, 15
-883.70, 278.36, 15
-393.55, -839.31, 15
756.63, -538.60, 15
591.56, 717.60, 15
-589.91, 721.22, 15
-839.99, -414.64, 15
369.16, -865.02, 15
921.98, 164.27, 15
-25.59, 933.90, 15
786.64, 759.93, 15
-658.84, 865.84, 15
467.95, -780.46, 15
858.20, 338.38, 9
-914.39, -217.94, 15
51.13, -949.37, 15
947.10, -181.03, 15
-874.47, 573.50, 15
-729.53, -766.60, 15
663.31, -825.53, 15
890.69, 576.99, 15
-423.99, 974.78, 15
-1041.82, -226.94, 15
136.91, -1063.22, 15
-1032.37, -453.29, 15
315.04, -1093.78, 15
1143.23, 115.02, 15
2.06, 1161.50, 15
-74.47, 400.64, 15
-368.42, -146.56, 15
34.36, -384.72, 15
376.02, 30.44, 15
-83.72, 359.63, 15
-342.73, -117.32, 15
112.57, -338.00, 15
333.60, -107.52, 15
123.87, 322.26, 15
-336.90, -47.60, 15
-352.41, -460.66, 15
425.19, -387.83, 15
402.93, 408.11, 15
-1907.39, 1320.70, 15
-1635.11, -1633.84, 15
1367.66, -1851.99, 15
2014.26, 1107.70, 15
-762.96, 2168.97, 15
-2226.17, -535.82, 15
164.01, -2285.12, 15
2284.91, -176.91, 15
478.90, 2240.64, 15
-2121.56, 873.91, 15
-1152.24, -1993.74, 15
1813.42, -1445.43, 15
1755.09, 1532.12, 15
-1289.96, 1950.24, 15
-2096.24, -975.25, 15
2035.61, 379.86, 15
-74.69, 2099.42, 15
-2116.60, 174.18, 15
-585.10, -2050.92, 15
1968.26, -858.28, 15
1149.71, 1833.32, 15
-1655.54, 1420.23, 15
-1689.10, -1414.66, 15
1131.69, -1919.76, 15
2088.21, 843.13, 15
-565.37, 2210.08, 15
-2304.82, -234.80, 15
-137.90, -571.34, 15
549.09, -155.74, 15
-472.35, 265.28, 15
-337.82, -420.96, 15
-543.00, -176.61, 14
74.95, -554.71, 15
-509.61, 219.20, 15
-4.78, 747.73, 15
354.97, 661.24, 15
-623.71, 421.89, 15
-511.28, -555.87, 15
527.78, -525.45, 15
655.69, 330.44, 15
-251.01, 689.48, 15
-709.35, -202.71, 15
3.30, -745.24, 15
749.47, -61.59, 15
196.65, 732.82, 15
-316.91, -681.96, 15
588.98, -459.06, 15
587.43, 476.68, 15
-389.07, 659.83, 15
627.25, -614.71, 15
-555.05, -901.01, 10
-2048.68, -1158.89, 15
845.14, -2205.89, 15
2362.06, 482.09, 15
-700.05, -2465.28, 15
-2081.81, 1957.75, 9
-2257.08, -1666.26, 15
2777.93, 1025.72, 15
-585.38, 2818.35, 15
-2783.40, -243.10, 15
-83.07, -2717.98, 15
2609.65, -473.46, 15
757.60, 2474.11, 15
-2268.02, 1128.47, 15
-1393.26, -2058.59, 15
1821.95, -1624.87, 15
1794.97, 1589.75, 15
2379.20, 158.82, 15
195.63, 2372.70, 15
-2286.51, 538.23, 15
982.73, 1649.43, 15
-1501.04, 1152.98, 15
-618.67, 1609.44, 15
-1703.00, -349.55, 14
531.42, 1677.33, 15
-1604.26, 755.49, 15
-957.11, -1482.06, 15
1343.20, 1130.31, 15
-893.36, 1507.41, 15
385.88, -1596.53, 15
-1682.73, 413.33, 15
-635.13, -1617.52, 15
1507.77, -869.47, 15
-1102.95, 864.29, 15
1718.00, 478.91, 13
-1797.72, -9.47, 15
-315.27, -1784.11, 15
-1482.84, 1097.82, 15
-1389.56, -1262.96, 15
1030.76, -1596.99, 15
1765.60, 764.48, 15
-1457.49, 6.43, 15
-173.17, -1411.42, 15
1326.51, -413.62, 15
534.99, 1250.35, 15
-1173.71, 627.13, 15
-746.64, 548.15, 15
-632.35, -677.49, 15
610.70, -699.40, 15
780.79, 499.23, 15
-364.68, 852.25, 15
-907.76, -221.94, 15
41.36, -939.59, 15
934.63, -142.98, 15
266.91, 910.69, 15
951.06, 542.18, 15
-393.18, 1016.08, 15
918.71, 115.97, 15
850.40, -466.08, 15
-624.39, 800.86, 15
346.61, -1001.73, 15
1032.56, 242.94, 15
-70.72, 1061.40, 15
-1063.38, 87.81, 15
-212.94, -1050.13, 15
524.13, -956.85, 15
-309.23, 1069.70, 15
-1115.64, -148.68, 15
-36.41, -1135.17, 15
1117.11, -259.04, 15
457.41, 1058.12, 15
59.01, 405.98, 15
-392.27, 72.96, 15
70.68, -382.27, 15
363.19, -110.06, 15
143.10, 342.02, 15
-363.25, -0.61, 15
-122.62, -335.55, 15
318.50, -148.70, 15
56.47, 341.61, 15
-307.00, 149.58, 15
-455.62, -359.30, 15
301.63, -491.88, 15
548.04, 173.99, 15
-1378.82, 1863.33, 15
-2080.47, -1022.70, 15
733.48, -2187.03, 15
2253.33, 434.04, 15
-59.03, 2292.24, 15
-2275.38, 281.70, 15
-511.58, -2232.90, 15
2116.85, -869.57, 15
1237.40, 1930.76, 15
-1776.97, 1459.48, 15
-1712.36, -1545.61, 15
1219.53, -1970.97, 15
2110.48, 984.36, 15
-591.62, 2258.03, 15
2073.75, -201.30, 15
602.70, 2000.95, 15
-1927.24, 874.23, 15
-1129.50, -1804.97, 15
1628.80, -1394.56, 15
1676.87, 1363.10, 15
-1077.44, 1890.53, 15
-2021.21, -855.35, 15
551.65, -2147.79, 15
2239.80, 159.83, 15
141.01, 2269.37, 15
-2230.25, 588.17, 15
-347.41, -479.03, 15
473.10, -326.80, 15
-415.58, 349.49, 15
-394.22, -370.14, 15
-562.43, 114.69, 15
-108.20, -551.23, 15
520.44, -194.93, 15
714.33, -207.10, 15
322.61, 673.47, 15
540.17, 519.22, 15
-444.60, 606.80, 15
-650.45, -381.36, 15
727.21, 89.95, 15
18.99, 734.25, 15
-734.75, 2.13, 15
-180.27, -719.25, 15
697.04, -277.50, 15
487.64, 579.34, 15
-559.86, -500.56, 15
359.16, -653.56, 15
704.13, 272.45, 15
-201.95, 737.86, 15
-776.19, 29.53, 8
-683.52, -516.97, 12
356.98, -798.32, 11
876.21, 157.47, 9
-54.53, 905.36, 15
-911.85, 168.30, 12
533.03, 837.52, 11
-869.95, -591.08, 13
-2351.83, -330.94, 15
-58.43, -2360.78, 15
2361.68, -414.32, 15
-1575.80, -2000.06, 15
-2712.47, -724.27, 15
2957.59, -248.39, 15
536.38, 2853.02, 15
-1195.61, -2459.83, 15
2224.74, -1475.84, 15
1780.96, 1910.69, 15
-1683.62, 1925.49, 15
-2088.19, -1383.64, 15
1037.27, -2224.83, 15
2317.73, 645.73, 15
-289.83, 2348.43, 15
2231.89, -827.93, 15
1090.38, 2131.27, 15
-1893.94, 1402.59, 15
-1646.31, -1643.15, 15
1392.35, -1827.22, 15
-899.93, 1671.37, 15
-1693.64, 377.72, 13
1517.35, -863.30, 15
-1186.31, 1299.09, 15
-1484.04, -962.80, 15
659.11, -1651.59, 15
-117.20, 1766.62, 15
-176.70, -1651.32, 15
-1216.65, -1228.85, 15
965.31, -1427.50, 15
-657.35, 1249.66, 15
-1077.82, -1436.63, 15
-771.42, 1666.62, 15
-1795.51, -525.22, 15
285.18, -1870.64, 15
1913.35, -85.22, 15
1032.80, -942.57, 15
1089.51, 829.75, 15
-681.75, 1155.06, 15
-1184.35, -567.41, 15
1162.87, 268.68, 15
-896.47, -235.93, 15
143.58, -917.08, 15
930.21, -23.14, 15
189.56, 911.50, 15
-886.90, 251.04, 15
-472.32, -798.52, 15
759.12, -560.71, 15
1096.05, -31.51, 15
209.23, 1068.97, 15
-1019.97, 363.34, 15
857.90, -321.75, 14
450.21, 809.19, 13
-241.13, 983.88, 15
-1042.66, -13.86, 15
-208.40, -1038.04, 15
1002.31, -344.91, 15
490.51, 941.38, 15
-840.81, 653.25, 15
-750.43, -761.33, 15
658.67, -849.89, 15
-32.82, -1089.01, 15
-996.68, 495.37, 15
-589.32, -966.21, 15
791.07, -824.33, 15
362.95, -218.70, 15
238.93, 339.62, 15
-371.23, 158.11, 15
-162.39, -357.33, 15
231.96, -304.14, 15
201.51, 315.67, 15
-268.77, 249.54, 15
-309.86, -182.77, 15
251.71, -249.27, 15
300.34, 176.77, 15
-123.39, 320.57, 15
-132.54, -563.11, 15
537.46, -205.05, 15
200.14, 536.38, 13
80.80, 2319.59, 15
-2275.54, 422.88, 15
-754.60, -2184.07, 15
2024.15, -1098.47, 15
1334.45, 1828.30, 15
-1607.22, 1588.14, 15
-1808.03, -1397.64, 15
1113.91, -1995.39, 15
2140.21, 806.14, 15
-410.83, 2256.91, 15
-2297.02, -143.49, 15
-199.51, -2299.86, 15
2238.70, -611.64, 15
940.97, 2132.09, 15
-1935.79, 1312.43, 15
1705.29, 1182.64, 15
-928.24, 1885.66, 15
-2035.70, -613.90, 15
307.07, -2118.11, 15
2150.86, -111.57, 15
365.75, 2137.18, 15
-2078.96, 685.30, 15
-963.81, -1986.54, 15
1799.02, -1316.89, 15
1590.53, 1605.20, 15
-1313.39, 1879.90, 15
-2054.80, -1101.68, 15
107.45, -574.03, 15
-91.79, 539.75, 15
-532.15, 98.82, 15
-111.26, -528.41, 15
272.30, -487.62, 15
-554.05, -43.39, 15
745.96, 70.14, 15
64.89, 748.94, 15
-738.07, 164.83, 15
-272.96, -706.61, 15
641.37, -378.54, 15
407.09, 610.16, 15
-551.02, 484.90, 15
-600.55, -430.65, 15
243.78, -705.84, 15
734.06, 172.27, 15
-14.45, 757.36, 15
-78.81, -734.53, 15
681.54, -310.66, 15
341.98, 677.87, 15
-555.44, 541.19, 15
796.63, -382.04, 12
470.34, -836.31, 12
942.55, 276.41, 9
-1574.72, -1767.18, 15
1518.78, -1825.26, 15
2113.16, 1192.67, 15
11.75, -2571.97, 15
-2497.51, 1379.66, 14
-1673.89, -2257.66, 15
2396.79, 1708.69, 15
-1257.64, 2571.99, 15
-2610.94, -961.20, 15
507.10, -2662.64, 15
2640.67, 186.55, 15
202.37, 2576.06, 15
-2477.85, 492.15, 15
-802.13, -2346.70, 15
2159.98, -1119.80, 15
1399.72, 1931.06, 15
2269.39, 704.57, 15
-323.28, 2353.90, 15
-2346.82, 29.19, 15
-371.76, -2283.94, 14
542.69, 1836.49, 15
-1673.91, 878.11, 15
-884.82, 1479.91, 15
-1593.11, -684.03, 15
209.27, 1745.50, 15
-1729.49, 389.23, 15
-714.92, -1613.18, 15
1110.55, 1362.81, 15
-1155.05, 1310.34, 15
748.71, -1468.39, 15
-1732.37, 119.70, 15
-349.43, -1703.79, 15
1645.54, -573.92, 15
1602.87, 761.93, 15
-1775.01, -176.33, 15
-118.84, -1810.85, 15
-1611.41, 906.22, 15
-1131.44, -1502.04, 15
1244.75, -1437.14, 15
1623.23, 1028.71, 15
-1450.55, -107.12, 15
-40.16, -1417.18, 15
1364.28, -244.39, 15
353.74, 1310.34, 15
-1201.36, 571.23, 15
-771.71, 512.70, 15
-554.62, -742.47, 15
621.55, -689.77, 15
767.29, 525.07, 15
-339.79, 868.12, 15
-910.43, -222.59, 15
129.24, -932.34, 15
936.99, -128.40, 15
208.52, 921.19, 15
933.66, 571.63, 15
-440.26, 996.31, 15
923.38, 72.82, 15
-707.91, 727.74, 15
408.50, -978.12, 15
1045.96, 178.01, 15
-103.85, 1058.67, 15
-1063.63, 87.83, 15
-261.91, -1039.00, 15
568.26, -931.03, 15
-292.48, 1074.40, 15
-1119.49, -113.72, 15
-124.89, -1128.86, 15
1117.35, -259.10, 15
424.13, 1071.89, 14
59.05, 406.23, 15
-390.05, 85.23, 15
-97.94, -376.21, 15
378.42, -28.62, 15
-38.39, 368.76, 15
-359.17, 55.96, 15
-173.59, -312.81, 15
348.81, -49.12, 15
191.68, 288.95, 15
-309.30, 144.76, 15
-496.86, -299.69, 14
254.26, -517.96, 15
532.56, 216.14, 15
-54.77, 568.87, 10
-1199.62, 1986.36, 15
-2165.67, -822.92, 15
525.35, -2245.36, 15
2292.85, 149.91, 15
155.99, 2290.19, 15
-2211.26, 597.25, 15
-786.15, -2152.16, 15
2029.70, -1065.78, 15
1415.63, 1810.19, 15
-1531.20, 1721.58, 15
-1932.44, -1260.59, 15
996.78, -2091.63, 15
2226.66, 678.54, 15
-341.75, 2310.11, 15
-2309.75, 4.73, 15
2042.23, -460.47, 15
875.21, 1892.41, 15
-1765.84, 1162.25, 15
-1396.62, -1607.22, 15
1366.61, -1652.97, 15
1852.44, 1115.26, 15
-770.74, 2036.80, 15
-2112.57, -596.81, 15
210.44, -2204.73, 15
2236.51, -120.35, 15
526.20, 2208.17, 15
-2123.72, 894.09, 15
416.66, -396.62, 15
-343.47, 421.22, 15
-485.48, -238.73, 15
-542.88, 202.74, 15
470.21, -295.78, 15
-374.83, 408.29, 15
696.93, -262.57, 15
384.24, 640.31, 15
578.47, 475.00, 15
-302.32, 688.83, 15
-710.37, -253.51, 15
725.47, 101.26, 15
41.91, 733.05, 15
-717.51, 161.69, 15
-300.83, -678.28, 15
644.73, -382.20, 15
538.66, 530.09, 15
-616.87, -426.14, 15
348.32, -657.99, 15
732.69, 170.45, 15
-36.89, 761.61, 15
-778.96, -356.11, 9
254.37, -835.64, 15
886.42, 60.77, 11
87.00, 902.57, 8
-908.13, 182.33, 12
-362.62, -872.39, 8
-910.60, -519.77, 12
372.69, -1008.06, 10
-2378.15, -72.38, 15
-279.32, -2346.18, 15
2296.10, -667.83, 15
-1812.51, -1787.64, 15
1467.56, -2152.88, 15
-2779.70, -469.09, 15
51.15, -2801.03, 15
848.82, 2791.29, 15
-1498.41, -2299.95, 15
1999.47, -1776.25, 15
1926.12, 1767.22, 15
-1496.41, 2075.25, 15
-2227.42, -1147.78, 15
788.21, -2324.76, 15
2362.53, 463.16, 15
-31.79, 2368.54, 15
2112.80, -1100.54, 15
1379.05, 1958.43, 15
-1704.48, 1627.95, 15
-1837.34, -1424.31, 15
1216.11, -1951.02, 15
-657.56, 1783.12, 15
-1839.57, -411.37, 15
202.67, 1718.59, 15
-1633.10, 585.84, 15
-922.18, 1495.54, 15
-1626.15, -694.50, 15
471.29, -1700.66, 15
-6.57, 1756.49, 15
-433.60, -1611.43, 15
-1356.23, -1064.33, 15
803.84, -1524.56, 15
1675.30, 498.87, 15
807.54, 1586.56, 15
-1276.49, -1279.35, 15
-1853.73, -358.11, 15
49.60, -1886.60, 15
1875.64, -351.27, 15
-943.35, -1084.66, 15
841.85, -1122.36, 15
1186.84, 688.82, 15
-608.38, 1195.61, 15
-1247.74, -415.95, 15
1190.43, 65.76, 15
-918.89, -122.32, 15
42.59, -926.77, 15
920.89, -124.38, 15
302.53, 883.12, 15
-844.79, 373.69, 15
683.11, -650.81, 15
1079.27, -201.97, 15
292.29, 1050.34, 15
-976.46, 473.60, 15
817.43, -413.36, 15
615.58, 692.76, 15
405.87, -852.30, 15
-1042.75, 166.76, 15
-288.78, -1018.61, 15
958.45, -452.16, 15
631.17, 853.78, 15
-740.94, 764.65, 15
-869.17, -621.47, 15
532.18, -932.30, 15
-117.52, -1081.38, 15
421.63, 1024.37, 15
-924.83, 635.28, 15
-732.49, -862.73, 15
696.21, -905.55, 15
1009.98, 581.16, 15
-346.48, 209.23, 15
-282.89, -273.89, 15
315.46, -218.95, 15
334.32, 170.41, 15
-164.06, 328.57, 15
-304.42, -192.63, 15
200.83, -291.82, 15
338.91, 81.18, 15
-203.36, 277.14, 15
-158.79, -556.28, 15
554.06, -153.77, 15
288.93, 494.24, 15
189.65, 2316.25, 15
-2245.65, 564.43, 15
-954.81, -2101.79, 15
1987.54, -1160.42, 15
1445.72, 1740.99, 15
-1477.88, 1708.16, 15
-1891.59, -1281.85, 15
1050.91, -2028.99, 15
2185.91, 670.75, 15
-304.69, 2274.18, 15
-2302.71, 36.24, 15
-378.85, -2279.99, 15
2220.65, -681.95, 15
1072.19, 2068.93, 15
-1935.17, 1312.01, 15
1723.56, 1155.85, 15
-898.56, 1899.71, 15
-2061.02, -517.53, 15
207.34, -2128.68, 15
2148.60, -145.14, 15
465.44, 2117.45, 15
-2078.73, 685.22, 15
-1055.72, -1938.97, 15
1778.22, -1344.84, 15
1615.24, 1579.98, 15
-1253.60, 1919.39, 15
-2119.37, -971.08, 15
62.35, -580.91, 15
36.07, 546.31, 15
-533.63, 90.49, 15
-94.69, -531.63, 15
316.61, -459.78, 15
-555.14, -26.06, 15
746.72, 58.46, 15
123.10, 741.35, 15
-707.68, 266.65, 15
-348.46, -672.59, 15
616.48, -417.86, 15
444.40, 583.55, 15
-503.04, 534.17, 15
-649.34, -352.29, 15
232.72, -709.56, 15
741.08, 137.63, 15
21.04, 756.96, 15
-101.69, -731.47, 15
671.27, -331.69, 15
403.80, 642.67, 15
-563.65, 532.27, 15
777.85, -418.95, 9
-797.91, -491.24, 11
361.93, -887.27, 9
966.85, 171.83, 10
-1682.38, -1665.73, 15
1371.26, -1937.61, 15
2179.93, 1056.61, 15
-108.78, -2569.70, 15
-2452.75, 1456.77, 7
-1708.65, -2230.83, 15
2449.83, 1633.52, 15
-1257.75, 2572.21, 15
-2639.23, -878.99, 15
548.64, -2654.39, 15
2640.67, 186.55, 15
162.11, 2579.16, 15
-2470.10, 530.85, 15
-875.06, -2320.49, 15
2159.98, -1119.80, 15
1400.16, 1931.67, 15
2270.35, 704.87, 15
-360.06, 2348.81, 15
-2347.24, -7.48, 15
-336.11, -2289.97, 13
599.73, 1818.40, 15
-1673.91, 878.11, 15
-884.82, 1479.91, 15
-1603.60, -659.06, 15
209.27, 1745.50, 15
-1702.04, 496.57, 15
-740.14, -1602.04, 15
1192.48, 1289.68, 15
-1109.56, 1340.98, 15
679.08, -1501.86, 15
1560.11, 467.86, 15
-1734.28, 92.64, 15
-322.77, -1709.04, 15
1606.48, -675.58, 15
1621.55, 709.57, 15
-1773.07, -148.20, 15
-90.47, -1811.24, 15
-1550.82, 1004.55, 15
-1223.21, -1428.63, 15
1221.98, -1456.22, 15
1670.08, 951.77, 15
-1448.95, -129.79, 15
-62.30, -1416.38, 15
1347.08, -329.30, 15
374.58, 1306.10, 15
-1210.82, 552.70, 15
-729.35, 571.36, 15
-663.41, -647.12, 15
621.55, -689.77, 15
798.37, 476.00, 15
-379.18, 849.19, 15
-924.80, -136.02, 15
56.05, -939.08, 15
934.87, -143.02, 15
281.26, 906.89, 15
982.84, 481.61, 15
-328.87, 1038.42, 15
925.53, 29.46, 15
-660.91, 770.34, 15
377.65, -990.18, 15
1045.71, 177.97, 15
12.34, 1063.68, 15
-1060.12, 121.00, 15
-261.91, -1039.00, 15
553.52, -939.58, 15
-241.70, 1086.44, 15
-1124.95, -26.00, 15
-142.51, -1126.77, 15
1098.99, -328.38, 15
14.35, 410.25, 15
-396.70, -45.02, 15
34.58, -387.21, 15
370.92, -81.43, 15
143.30, 342.48, 15
-350.91, 94.83, 15
-101.57, -343.03, 15
331.73, -118.48, 15
93.56, 333.89, 15
-323.25, 110.14, 15
270.55, -510.20, 15
568.69, 86.62, 15
-107.78, 561.24, 9
-1072.75, 2056.52, 15
-2177.09, -788.56, 15
348.47, -2279.27, 15
2295.92, 78.18, 15
334.14, 2270.29, 15
-2201.42, 631.66, 15
-852.91, -2126.32, 15
1959.38, -1190.60, 15
1471.02, 1764.50, 15
-1475.70, 1767.43, 15
-1932.44, -1260.59, 15
897.77, -2136.27, 15
2253.10, 572.72, 15
-269.09, 2316.93, 15
-2307.49, 112.98, 15
2017.45, -555.39, 15
904.24, 1877.61, 15
-1747.05, 1189.41, 15
-1494.63, -1517.20, 15
1260.55, -1734.90, 15
1917.81, 997.03, 15
-706.72, 2059.89, 15
-2137.97, -497.11, 15
141.42, -2209.73, 15
2228.17, -224.99, 15
560.70, 2199.92, 15
-2095.43, 960.32, 15
365.54, -447.41, 15
-251.43, 481.84, 15
-481.69, -246.29, 15
-506.03, 296.01, 15
430.43, -352.73, 15
-460.63, -321.53, 15
692.51, -273.34, 15
393.80, 633.59, 15
639.33, 389.24, 15
-258.54, 705.89, 15
-747.90, -105.13, 15
39.76, -746.19, 15
736.18, 21.59, 15
177.82, 712.39, 15
-671.96, 303.94, 15
-353.56, -654.05, 15
591.06, -458.84, 15
-675.22, -311.85, 15
140.08, -728.40, 15
743.26, 112.67, 15
70.15, 758.51, 15
-811.75, -268.48, 15
66.78, -868.44, 15
879.73, -105.23, 11
-415.74, -846.69, 10
128.03, -1064.07, 12
-2343.16, 484.63, 15
-816.29, -2216.46, 15
2091.64, -1147.54, 15
1540.03, 1896.78, 15
1033.94, -2373.58, 15
-2838.43, 325.19, 8
1595.39, 2453.99, 15
-1998.29, -1895.45, 15
1536.45, -2197.98, 15
2327.81, 1202.36, 15
-827.01, 2431.45, 15
-2463.56, -525.56, 15
151.04, -2462.37, 15
2412.66, -136.24, 15
591.72, 2296.23, 15
1823.23, 1509.86, 15
-1253.89, 2007.30, 15
-2168.60, -861.61, 15
559.03, -2236.95, 15
-107.39, 1901.22, 15
-1881.04, 85.88, 15
1753.36, -596.34, 15
-1404.91, 1015.08, 15
-1279.62, -1228.31, 15
-505.52, 1713.22, 15
-1749.95, -243.05, 15
-19.20, -1759.40, 15
533.38, 1672.25, 15
-1581.10, 748.32, 15
-1615.72, -623.91, 8
298.52, -1711.16, 15
1742.11, 95.99, 15
1193.36, 1316.33, 15
-1572.68, -869.94, 15
1777.81, 374.14, 15
-1828.38, 252.62, 15
-531.40, -1805.68, 15
1714.94, -830.03, 15
-1285.28, -669.07, 15
500.62, -1320.81, 15
1343.97, 313.26, 15
-150.06, 1342.39, 15
-1322.34, -32.94, 15
-899.36, 222.62, 15
-299.74, -877.73, 15
843.99, -388.22, 15
483.32, 790.45, 15
-621.72, 691.30, 15
-775.02, -529.26, 15
462.48, -821.52, 15
965.34, -524.23, 15
685.76, 852.07, 15
-737.17, 800.54, 15
608.39, -683.10, 15
813.70, 445.13, 15
141.84, -954.27, 15
957.31, -121.62, 15
-925.11, 508.19, 15
-668.11, -821.97, 15
750.35, -749.07, 15
843.74, 645.35, 15
-454.67, 961.96, 15
-1000.66, -371.07, 15
219.57, -1049.78, 15
-458.90, -984.00, 15
737.68, 817.33, 15
-665.97, 893.01, 15
-986.49, -548.55, 15
366.43, -1079.24, 15
1137.57, 168.61, 15
38.45, 1163.61, 15
396.26, 136.93, 15
-123.84, 388.23, 15
-355.86, -174.87, 15
145.30, -357.61, 15
341.29, 160.74, 15
-149.29, 337.72, 15
-342.49, -117.24, 15
-46.65, -352.43, 15
348.70, -27.05, 15
-93.17, 331.92, 15
-328.05, 89.34, 15
439.36, 368.59, 15
868.96, 989.98, 9
-1928.83, 1291.44, 15
-1532.36, -1735.59, 15
1507.70, -1739.22, 15
1997.14, 1139.29, 15
-897.24, 2117.77, 15
-2177.80, -708.01, 15
341.86, -2265.35, 15
2291.50, -33.85, 15
408.70, 2254.76, 15
-2175.08, 740.74, 15
-1059.39, -2049.09, 15
1900.36, -1329.49, 15
1655.97, 1638.75, 15
-1380.22, 1888.05, 15
-2030.80, -1104.04, 15
1991.59, 568.89, 15
-173.01, 2093.86, 15
-2121.00, 107.96, 15
-423.70, -2092.54, 15
2019.67, -734.26, 15
1062.67, 1885.40, 15
-1741.01, 1314.05, 15
-1573.54, -1542.17, 15
1334.64, -1784.96, 15
2046.87, 940.26, 15
-634.29, 2191.82, 15
-2301.12, -270.81, 15
-28.95, -586.29, 15
548.37, -155.54, 15
-504.87, 196.46, 15
-331.21, -426.18, 15
-522.25, -225.88, 14
176.48, -529.36, 15
-542.37, 111.69, 15
-39.82, 746.94, 15
269.94, 700.81, 15
-666.70, 351.63, 15
-519.90, -547.82, 15
536.11, -517.31, 15
589.71, 437.87, 15
-384.94, 624.67, 15
-695.31, -246.62, 15
73.05, -741.66, 15
750.34, -49.87, 15
91.87, 752.16, 15
-358.64, -660.40, 15
642.70, -382.68, 15
515.16, 554.67, 15
-468.45, 606.38, 15
691.98, -543.65, 15
145.64, -944.84, 8
977.39, 34.48, 10
-512.46, -926.46, 11
-1969.16, -1282.54, 15
947.48, -2163.64, 15
2337.60, 592.42, 15
-661.45, -2475.92, 15
-2079.45, 1955.52, 9
-2148.41, -1803.82, 15
2792.44, 981.78, 15
-629.23, 2808.37, 15
-125.49, -2715.60, 15
2615.99, -432.50, 15
757.60, 2474.11, 15
-2268.47, 1128.69, 15
-1393.54, -2059.00, 15
1847.30, -1596.37, 15
1794.78, 1589.58, 15
2378.71, 158.79, 15
232.68, 2369.35, 15
-2301.96, 466.48, 15
1008.12, 1633.45, 15
-1482.85, 1176.29, 15
-593.28, 1618.44, 15
-1704.71, -349.90, 14
558.04, 1670.24, 15
-1604.04, 755.38, 15
-1047.66, -1419.19, 15
1361.08, 1109.50, 15
-846.19, 1535.25, 15
410.78, -1590.30, 15
1613.00, 244.98, 15
-1682.73, 413.33, 15
-635.13, -1617.52, 15
1480.08, -916.29, 15
-1075.79, 898.65, 15
-1797.64, 46.72, 15
-398.47, -1767.13, 15
-1447.82, 1143.61, 15
-1428.72, -1219.25, 15
1005.81, -1613.12, 15
1799.72, 680.99, 15
-1456.71, 29.19, 15
-282.75, -1393.35, 15
1326.51, -413.62, 15
554.46, 1241.84, 15
-1132.46, 699.35, 15
-774.64, -1041.20, 15
-701.39, 604.59, 15
-702.72, -604.58, 15
530.56, -761.68, 15
854.44, 358.24, 15
-227.74, 899.11, 15
-926.81, -121.55, 15
26.68, -940.37, 15
936.75, -128.36, 15
310.11, 899.55, 15
958.76, 526.90, 15
-312.60, 1043.43, 15
922.64, 72.76, 15
-623.63, 799.87, 15
315.00, -1011.59, 15
1050.76, 145.21, 15
-4.29, 1063.74, 15
-1053.28, 170.54, 15
-326.22, -1020.37, 15
553.39, -939.36, 15
-292.28, 1073.68, 15
-1122.50, -78.69, 15
-160.14, -1124.66, 15
1121.27, -241.61, 15
423.94, 1071.43, 8
90.57, 400.38, 15
-399.22, 4.79, 15
-109.65, -372.97, 15
374.08, -63.92, 15
-26.85, 369.78, 15
-362.88, 16.41, 15
-57.97, -352.77, 15
338.48, -97.53, 15
230.29, 259.24, 15
-294.39, 173.08, 15
-487.26, -315.07, 15
221.41, -532.83, 15
536.11, 207.88, 15
-54.89, 570.11, 9
-1378.52, 1862.93, 15
-2046.18, -1086.50, 15
767.22, -2174.36, 15
2266.28, 363.50, 15
-59.05, 2293.24, 15
-2275.87, 281.76, 15
-511.52, -2232.65, 15
2116.62, -869.48, 15
1176.98, 1969.34, 15
-1777.36, 1459.80, 15
-1759.24, -1490.87, 15
1280.11, -1931.27, 15
2109.57, 983.93, 15
-556.09, 2266.27, 15
2069.86, -233.62, 15
602.70, 2000.95, 15
-1898.98, 934.02, 15
-1128.97, -1804.13, 15
1560.94, -1468.67, 15
1718.44, 1309.89, 15
-1107.10, 1873.90, 15
-2021.68, -855.54, 15
551.59, -2147.55, 15
2237.28, 194.83, 15
211.90, 2264.36, 15
-2239.41, 553.31, 15
450.98, -355.10, 15
-441.59, 315.99, 15
-405.59, -357.64, 15
-566.97, 97.27, 15
-21.12, -561.60, 15
509.08, -227.88, 14
732.67, -127.89, 15
258.15, 700.71, 15
548.95, 511.40, 15
-499.78, 562.89, 15
-632.28, -411.69, 15
687.61, 256.81, 15
-72.70, 730.89, 15
-733.84, 36.56, 15
-112.18, -733.22, 15
709.28, -244.53, 15
440.94, 615.63, 15
-536.14, -526.59, 15
437.99, -603.89, 15
703.89, 272.36, 15
-120.20, 755.50, 15
-771.58, -91.65, 9
465.48, -740.62, 15
841.03, 291.91, 8
-111.24, 902.42, 15
-929.49, -4.63, 8
-194.47, -928.60, 12
929.18, -280.18, 9
506.86, 854.19, 11
-810.99, -670.08, 13
-2325.66, -515.00, 15
199.76, -2354.79, 15
2390.35, -191.44, 15
-1416.15, -2118.81, 15
-2629.71, -973.89, 15
2967.20, 168.83, 15
221.48, 2891.03, 15
-879.44, -2589.22, 15
2391.60, -1187.07, 15
1527.09, 2115.39, 15
-1824.11, 1783.68, 15
-1920.84, -1600.12, 15
1304.16, -2074.34, 15
2181.73, 995.22, 15
-471.14, 2313.26, 15
2283.92, -649.57, 15
918.41, 2204.33, 15
-2016.28, 1218.75, 15
-1455.70, -1811.28, 15
1475.80, -1759.20, 15
-1027.36, 1595.62, 15
-13.22, 1736.95, 15
-1726.24, 190.76, 15
1579.88, -742.14, 15
-1313.28, 1229.88, 15
-1420.61, -1053.31, 15
-387.48, 1712.72, 15
-150.85, -1653.63, 15
487.77, 1519.11, 15
-1112.19, -1314.33, 15
1162.74, -1285.71, 15
-770.08, 1180.54, 15
-916.22, -1548.50, 15
-1023.05, 1528.77, 15
-1728.14, -718.36, 15
516.38, -1821.21, 15
1913.18, 94.28, 15
1166.68, -770.23, 15
898.41, 1030.97, 15
-882.47, 1004.73, 15
-1089.38, -725.31, 15
-830.67, -412.04, 15
228.86, -899.85, 15
926.34, 93.06, 15
30.97, 933.24, 15
-922.86, 110.90, 15
-330.47, -871.98, 15
844.28, -422.84, 15
1092.69, 88.30, 15
40.33, 1088.25, 15
-1057.31, 233.34, 15
882.08, -254.29, 15
371.78, 846.18, 14
821.47, 534.40, 15
-342.37, 938.77, 15
-27.79, -1058.14, 15
1038.23, -217.41, 15
369.83, 996.59, 15
-956.20, 470.65, 15
-567.60, -906.46, 15
753.93, -779.57, 15
189.31, -1083.33, 15
-1057.46, 351.18, 15
-496.83, -1018.26, 15
921.41, -677.62, 15
774.00, 854.25, 15
397.34, -154.30, 15
91.23, 403.31, 15
-367.12, 163.18, 15
-220.41, -323.26, 15
326.38, -197.52, 15
272.79, 255.49, 15
-230.82, 284.36, 15
-294.04, -205.97, 15
277.02, -220.00, 15
210.11, 277.41, 15
-271.90, 209.50, 15
-575.60, -79.06, 11
73.83, -572.76, 15
575.24, -2.93, 15
87.90, 566.22, 15
-531.13, 2260.18, 15
-2310.08, -80.90, 15
-261.75, -2287.83, 15
2229.59, -562.69, 15
853.73, 2134.34, 15
-1923.90, 1250.34, 15
-1381.18, -1827.84, 15
1575.88, -1660.85, 15
1897.79, 1283.38, 15
-956.84, 2086.02, 15
-2206.34, -637.16, 15
304.37, -2288.60, 15
2323.29, -75.14, 15
349.20, 2310.51, 15
-2221.65, 761.40, 15
1364.27, 1573.06, 15
-1344.77, 1623.35, 15
-1787.00, -1155.88, 15
822.42, -1978.37, 15
2103.89, 491.33, 15
-174.82, 2166.96, 15
-2189.49, 81.42, 15
-375.03, -2178.71, 15
2100.65, -768.31, 15
1057.08, 2011.11, 15
-1834.50, 1390.20, 15
-1699.34, -1607.95, 15
-517.67, -308.26, 15
-197.70, 507.34, 15
-508.87, -184.40, 15
-514.52, 290.28, 15
436.29, -346.27, 15
-253.81, 491.03, 15
-523.94, -187.57, 15
574.55, -472.69, 15
522.44, 533.57, 15
718.85, 207.68, 15
-122.34, 741.22, 15
-753.75, -58.27, 15
-101.27, -749.69, 15
711.27, -219.09, 15
210.57, 701.84, 15
-601.89, 422.72, 15
-459.29, -582.77, 15
528.71, -528.42, 15
620.57, 429.59, 15
-303.34, 698.48, 15
36.58, -740.35, 15
743.84, -97.86, 15
210.25, 731.90, 15
873.58, -146.30, 12
279.09, 856.95, 15
653.74, -706.42, 9
855.41, 489.37, 9
-39.04, -1069.04, 12
-2288.46, 702.14, 15
-1053.58, -2114.56, 15
1907.35, -1427.28, 15
1706.45, 1739.83, 15
728.82, -2480.13, 15
-2810.36, 501.45, 11
-904.48, -2679.99, 15
1747.04, 2351.56, 15
-2145.56, -1738.12, 15
1365.29, -2319.81, 15
2387.28, 1094.57, 15
-634.91, 2489.31, 15
-2497.81, -331.79, 15
-3.05, -2466.75, 15
2389.06, -361.46, 15
770.02, 2245.65, 15
-2194.70, -793.52, 15
524.18, -2246.15, 14
-137.24, 1901.55, 15
-1874.24, 203.44, 15
1744.07, -623.75, 15
-1425.11, 996.16, 14
-1264.36, -1252.20, 15
-451.87, 1728.67, 15
-1750.20, -243.09, 15
-19.21, -1759.65, 15
585.53, 1655.24, 15
-1557.40, 797.59, 15
-1652.01, -521.93, 8
271.86, -1716.35, 15
1743.39, 68.76, 15
1230.26, 1274.63, 15
-1572.46, -869.82, 15
1782.95, 346.22, 15
-1823.47, 281.04, 15
-615.27, -1778.32, 15
1687.95, -883.09, 15
-1241.19, -748.17, 15
602.07, -1277.48, 15
1327.58, 375.82, 15
-212.80, 1333.88, 15
-1322.34, -32.94, 15
1176.29, -270.54, 15
-913.99, 151.75, 15
-216.32, -902.18, 15
843.99, -388.22, 15
531.60, 758.51, 15
-703.06, 608.40, 15
-702.99, -621.76, 15
487.79, -806.45, 15
973.41, -509.09, 15
645.08, 883.27, 15
-831.23, 702.39, 15
661.65, -635.27, 15
762.71, 533.01, 15
173.05, -957.49, 15
963.31, -107.12, 15
-947.68, 464.18, 15
-642.25, -842.65, 15
795.67, -700.75, 15
812.38, 684.02, 15
-484.39, 947.06, 15
-1006.34, -355.39, 15
268.52, -1038.34, 15
-443.26, -990.60, 15
763.03, 794.07, 15
-680.15, 882.90, 15
-950.30, -609.10, 15
416.60, -1060.88, 15
1131.75, 204.07, 15
-34.31, 1163.74, 15
-204.76, 351.45, 15
-327.63, -222.88, 15
204.19, -327.27, 15
321.50, 196.90, 15
-78.09, 360.90, 15
-336.62, -133.16, 15
107.05, -339.00, 15
348.66, 27.54, 15
8.00, 344.66, 15
-340.00, 0.09, 15
427.63, 382.14, 15
-1967.82, 1230.28, 15
-1504.56, -1758.75, 15
1479.86, -1761.99, 15
1997.58, 1139.54, 15
-830.99, 2145.71, 15
-2208.35, -605.11, 15
306.42, -2270.42, 15
2291.50, -33.85, 15
373.34, 2260.38, 15
-2150.64, 808.25, 15
-1027.02, -2064.95, 15
1835.78, -1416.92, 15
1630.69, 1664.96, 15
-1350.70, 1909.59, 15
-2031.02, -1104.16, 15
2023.48, 443.44, 15
-173.01, 2093.86, 15
-2118.56, 141.06, 15
-520.86, -2068.69, 15
1968.49, -858.38, 15
1149.84, 1833.53, 15
-1720.27, 1341.09, 15
-1644.26, -1466.91, 15
1249.53, -1845.54, 15
2031.70, 972.02, 15
-634.15, 2191.34, 15
-2300.37, -270.72, 15
-47.27, -585.34, 15
-488.00, 235.26, 15
-268.20, -468.40, 15
-548.75, -150.45, 14
109.15, -547.47, 15
-538.61, 128.58, 15
53.61, 746.08, 15
280.86, 696.51, 15
-643.44, 392.59, 15
-511.28, -555.87, 15
485.16, -565.04, 15
596.28, 428.45, 15
-365.23, 636.39, 15
-699.08, -235.73, 15
38.22, -744.27, 15
742.38, -119.90, 15
127.02, 747.03, 15
-316.49, -681.06, 15
616.51, -421.37, 15
579.91, 485.80, 15
-409.63, 647.57, 15
-726.78, -280.41, 8
-780.13, 329.22, 8
-461.51, -729.82, 11
587.80, -652.88, 14
-555.18, -901.22, 11
-2029.25, -1190.13, 15
913.36, -2177.72, 15
2354.97, 519.10, 15
-661.39, -2475.68, 15
-2081.81, 1957.75, 9
-2203.92, -1735.97, 15
2776.52, 1025.20, 15
-585.22, 2817.62, 15
-125.47, -2715.10, 15
2608.67, -473.28, 15
834.53, 2449.23, 15
-2286.05, 1093.22, 15
-1361.61, -2081.15, 15
1822.51, -1625.37, 15
1819.02, 1561.02, 15
2382.01, 84.37, 15
269.62, 2364.93, 15
-2277.57, 573.83, 15
982.48, 1649.00, 15
-1426.29, 1244.65, 15
-618.22, 1608.27, 15
-1718.99, -269.60, 15
610.13, 1652.46, 15
-1567.10, 829.83, 15
-1025.36, -1435.39, 15
1395.09, 1066.43, 15
-773.43, 1573.43, 15
360.23, -1599.44, 15
-1672.44, 438.62, 15
-783.65, -1550.74, 15
1450.52, -961.95, 15
-1079.05, 901.38, 15
-1787.77, 186.80, 15
-479.91, -1743.14, 15
-1371.51, 1229.97, 15
-1484.48, -1151.12, 15
929.12, -1658.48, 15
1799.25, 680.82, 15
-1448.54, 188.51, 15
-369.48, -1373.94, 15
1305.67, -475.32, 15
669.26, 1186.23, 15
-1052.31, 821.09, 15
-887.41, -954.45, 15
-651.72, 657.13, 15
-702.72, -604.58, 15
469.50, -800.76, 15
836.26, 397.66, 15
-156.75, 913.40, 15
-930.24, -77.89, 15
-148.80, -927.14, 15
912.71, -243.96, 15
379.57, 873.06, 15
1010.54, 419.09, 15
-180.12, 1074.51, 15
-1070.99, -51.89, 15
921.38, 14.92, 15
107.90, 917.18, 15
-501.62, 872.88, 15
251.14, -1029.05, 15
1059.49, 46.20, 15
111.75, 1056.86, 15
-1028.37, 284.49, 15
-405.05, -992.26, 15
399.74, -1012.18, 15
-86.88, 1107.60, 15
-1124.13, 44.30, 15
-247.42, -1108.73, 15
1055.89, -446.09, 15
78.35, 404.74, 15
-400.85, 11.08, 15
-7.92, -390.17, 15
360.29, -121.59, 15
105.06, 356.08, 15
-281.51, 230.37, 15
-101.57, -343.03, 15
338.72, -97.60, 15
109.26, 329.61, 15
-193.90, 282.33, 15
221.79, -533.75, 15
557.84, 139.42, 15
-10.24, 573.16, 15
-774.00, 2186.82, 15
-2263.19, -475.01, 15
133.45, -2299.88, 15
2288.00, -208.69, 15
580.97, 2224.12, 15
-2080.16, 968.33, 15
-1142.40, -1985.56, 15
1770.65, -1451.42, 15
1698.99, 1536.54, 15
-1270.49, 1912.75, 15
-2088.24, -976.45, 15
623.28, -2227.44, 15
2302.71, 286.82, 15
94.76, 2331.07, 15
-2315.68, 369.66, 15
1160.15, 1734.83, 15
-1537.94, 1444.22, 15
-1670.95, -1318.09, 15
1034.78, -1879.18, 15
2028.33, 750.58, 15
-476.93, 2121.55, 15
-2180.03, -226.35, 15
-135.02, -2207.37, 15
2172.45, -534.54, 15
798.18, 2127.45, 15
-1957.01, 1212.62, 15
-477.73, -360.52, 15
-220.95, 496.84, 15
-514.38, -168.41, 15
-534.57, 258.99, 15
435.89, -345.96, 14
-520.61, -204.95, 15
616.69, -417.11, 15
478.72, 572.14, 15
667.76, 338.15, 15
-168.51, 732.62, 15
-742.89, -140.20, 15
4.79, -752.48, 15
740.14, -13.00, 15
155.15, 716.14, 15
-683.84, 271.47, 15
-468.65, -575.91, 15
495.17, -560.97, 15
614.59, 439.81, 15
185.49, -718.96, 15
749.78, 54.32, 15
164.12, 743.60, 15
-801.32, -293.11, 15
66.76, -868.19, 15
873.58, -146.30, 11
266.48, 863.83, 8
-826.85, 413.55, 8
-505.68, -796.25, 9
94.73, -1067.56, 11
-2358.14, 411.35, 15
-746.64, -2240.89, 15
2091.64, -1147.54, 15
1509.58, 1919.83, 15
1035.44, -2377.02, 15
-2846.21, 236.27, 9
-650.03, -2754.59, 15
1439.00, 2548.84, 15
-1968.25, -1926.27, 15
1637.75, -2123.57, 15
2287.36, 1273.54, 15
-976.69, 2373.66, 15
-2445.70, -602.22, 15
266.17, -2451.84, 15
2412.41, -136.23, 15
519.58, 2313.11, 15
1774.79, 1565.76, 15
-1285.24, 1987.67, 15
-2126.08, -962.39, 15
663.38, -2208.78, 15
-196.38, 1894.35, 15
-1881.75, -2.36, 15
1770.42, -541.05, 15
-1435.53, 970.41, 15
-1240.44, -1267.52, 15
-611.54, 1678.30, 15
-1725.40, -378.83, 15
145.60, -1753.72, 15
507.18, 1680.38, 15
-1581.56, 748.54, 15
-1589.68, -671.66, 10
455.81, -1669.91, 15
1738.26, 150.37, 15
1136.41, 1378.14, 15
-1533.16, -944.51, 15
1758.57, 457.10, 15
-1846.00, 80.43, 15
-475.36, -1823.82, 15
1765.52, -722.14, 15
539.82, -1300.14, 15
1321.07, 396.38, 15
-191.90, 1336.80, 15
-1321.16, -53.57, 15
1184.23, -214.50, 15
-920.09, 108.76, 15
-244.40, -894.98, 15
871.95, -321.25, 15
393.30, 836.67, 15
-746.99, 550.63, 15
-722.27, -599.65, 15
512.89, -791.03, 15
1023.17, -399.79, 15
529.80, 956.58, 15
-863.03, 662.52, 15
631.33, -665.75, 15
718.98, 591.07, 15
168.30, -931.16, 15
971.65, 13.86, 15
-979.62, 388.25, 15
-560.42, -898.86, 15
773.57, -725.43, 15
812.57, 684.18, 15
-513.87, 931.69, 15
-982.41, -417.65, 15
219.57, -1049.78, 15
-396.36, -1010.28, 15
764.93, 796.05, 15
-774.37, 805.36, 15
-950.51, -609.23, 15
449.64, -1047.58, 15
1097.48, 343.57, 15
-89.13, 1165.10, 15
-226.03, 337.56, 15
-342.94, -196.01, 15
182.88, -338.51, 15
362.55, 99.67, 15
-138.48, 341.76, 15
-353.24, -79.15, 15
58.48, -350.66, 15
329.20, 118.11, 15
-113.72, 325.45, 15
-329.41, 84.20, 15
396.33, 414.17, 15
-2005.73, 1168.44, 15
-1529.87, -1732.78, 15
1532.35, -1712.85, 15
1960.14, 1200.87, 15
-929.91, 2102.81, 15
-2177.57, -707.93, 15
306.42, -2270.42, 15
2291.44, 37.77, 15
373.43, 2260.87, 15
-2207.64, 638.07, 15
-1058.70, -2047.76, 15
1919.25, -1298.51, 15
1604.31, 1690.05, 15
-1409.85, 1866.66, 15
-1975.98, -1197.46, 15
1982.46, 599.93, 15
-238.32, 2087.19, 15
-2118.31, 141.04, 15
-456.18, -2084.93, 15
2018.96, -734.01, 15
1033.08, 1901.77, 15
-1761.33, 1286.69, 15
-1621.14, -1492.42, 15
1306.88, -1806.00, 15
2032.38, 972.34, 15
-668.45, 2181.64, 15
-2290.79, -342.46, 15
-47.23, -584.85, 15
545.63, -164.02, 15
-504.87, 196.46, 15
-238.42, -484.24, 15
-535.57, -192.90, 14
92.16, -551.60, 15
-532.72, 153.89, 15
-51.47, 745.98, 15
365.14, 655.40, 15
-589.08, 469.43, 15
-502.70, -563.98, 15
430.14, -607.98, 15
627.90, 380.61, 15
-240.21, 693.32, 15
-727.24, -124.07, 15
96.19, -739.02, 15
750.34, -49.87, 15
241.96, 718.87, 15
-428.73, -617.51, 15
543.42, -512.18, 15
548.43, 521.07, 15
-378.71, 665.83, 15
-757.15, 376.86, 8
-516.92, -691.37, 15
646.16, -594.82, 15
730.23, 516.18, 9
311.75, 950.96, 9
-934.09, 433.44, 8
-582.79, -883.02, 11
705.64, -2254.13, 15
2382.54, 370.96, 15
-2333.09, -1558.94, 15
2848.55, 805.52, 15
-363.51, 2854.45, 15
-2794.19, 18.53, 15
-337.64, -2702.24, 15
2572.47, -677.72, 15
1026.20, 2383.74, 15
-2197.65, 1270.55, 15
-1552.95, -1947.68, 15
1718.84, -1737.45, 15
1956.96, 1383.74, 15
2384.59, -27.35, 15
417.02, 2344.70, 15
-2225.60, 749.76, 15
1156.31, 1531.51, 15
-1366.58, 1310.29, 15
-436.30, 1655.99, 15
-1719.52, -242.22, 15
636.59, 1644.59, 15
-1542.14, 879.38, 15
-1091.49, -1385.76, 15
1488.79, 931.15, 15
-698.95, 1608.18, 15
319.59, 1701.24, 15
-1636.32, 540.42, 15
-783.76, -1550.96, 15
1387.60, -1050.67, 15
-1048.12, 932.66, 15
-1782.89, 214.50, 15
-560.75, -1717.79, 15
-1312.20, 1292.71, 15
-1536.79, -1080.29, 15
876.73, -1686.47, 15
1827.75, 595.29, 15
-1449.28, 188.61, 15
-369.68, -1374.66, 15
1299.26, -496.11, 15
688.22, 1176.49, 15
-1039.16, 837.28, 15
-930.98, -911.64, 15
-689.99, 613.81, 15
-772.61, -512.25, 15
456.93, -808.00, 15
874.68, 304.00, 15
-156.92, 914.38, 15
-931.24, -77.97, 15
-134.30, -929.35, 15
912.95, -244.02, 15
379.57, 873.06, 15
1023.14, 387.31, 15
-230.22, 1064.64, 15
-1063.43, -135.29, 15
917.75, -85.76, 15
179.15, 905.96, 15
-501.50, 872.66, 15
267.19, -1025.00, 15
1059.24, 46.19, 15
45.54, 1062.27, 15
-1019.46, 316.63, 15
-420.41, -985.58, 15
399.64, -1011.94, 15
-52.23, 1109.77, 15
-1123.88, 44.29, 15
-316.19, -1091.11, 15
1055.89, -446.09, 15
59.30, 407.96, 15
-393.05, 79.47, 15
-38.35, -388.36, 15
358.58, -127.29, 15
219.06, 300.04, 15
-302.04, 203.14, 15
-85.44, -347.65, 15
340.20, -92.29, 15
284.61, 198.95, 15
-171.27, 296.60, 15
82.85, -572.03, 15
561.68, 121.87, 15
16.61, 572.26, 10
-874.96, 2146.53, 15
-2247.48, -545.55, 15
277.05, -2288.79, 15
2296.07, -65.36, 15
440.11, 2251.90, 15
-2131.92, 834.70, 15
-918.53, -2097.71, 15
1901.02, -1280.83, 15
1524.60, 1716.74, 15
-1446.01, 1787.94, 15
-1987.87, -1167.77, 15
795.48, -2172.71, 15
2265.99, 501.18, 15
-123.87, 2329.46, 15
-2313.84, 222.34, 15
1979.53, -680.56, 15
1019.87, 1817.68, 15
-1728.25, 1216.57, 15
-1541.85, -1470.28, 15
1205.87, -1773.65, 15
1933.38, 967.06, 15
-609.63, 2091.46, 15
-2153.19, -430.22, 15
141.47, -2210.48, 15
2220.05, -294.50, 15
595.06, 2191.13, 15
-2095.88, 960.53, 15
351.39, -458.61, 15
-251.55, 482.07, 15
-499.44, -207.94, 15
514.56, -211.29, 15
-341.67, 436.10, 15
-444.07, -342.00, 15
688.38, -284.22, 15
343.50, 663.06, 15
606.80, 437.80, 15
-375.58, 651.49, 15
-729.20, -197.62, 15
733.00, -1.42, 15
53.36, 732.31, 15
-713.80, 184.47, 15
-269.26, -693.03, 15
612.72, -431.21, 15
477.42, 585.53, 15
-602.85, -444.91, 15
230.57, -707.63, 15
739.87, 135.93, 15
-84.39, 757.82, 15
-763.74, 125.62, 8
-741.12, -426.84, 8
254.08, -834.68, 15
871.93, 170.81, 11
72.89, 903.82, 10
-901.99, 210.62, 12
-376.21, -866.61, 8
-941.51, -461.99, 12
309.00, -1029.37, 9
-2379.75, 1.96, 15
-242.61, -2350.01, 15
2295.86, -667.76, 15
-1812.33, -1787.46, 15
1501.02, -2129.69, 15
-2770.82, -467.59, 15
-36.31, -2794.51, 15
892.02, 2776.74, 15
-1425.95, -2345.86, 15
2080.70, -1680.77, 15
1925.93, 1767.05, 15
-1430.98, 2121.20, 15
-2245.98, -1113.28, 15
860.46, -2299.00, 15
2353.29, 499.66, 15
-105.74, 2365.64, 15
2178.56, -966.93, 15
1286.31, 2021.74, 15
-1826.33, 1489.95, 15
-1721.12, -1563.87, 15
1275.37, -1910.40, 15
-767.05, 1737.19, 15
-1828.16, -499.82, 15
-1659.00, 508.75, 12
1489.21, -910.02, 15
-1101.91, 1369.48, 15
-1540.85, -867.98, 15
708.30, -1625.38, 15
-116.83, 1761.13, 15
-253.88, -1641.23, 15
965.31, -1427.50, 15
-657.23, 1249.43, 15
-1009.18, -1485.35, 15
-899.02, 1601.12, 15
-1769.16, -608.86, 15
255.98, -1875.36, 15
1914.94, 34.45, 15
1129.31, -824.05, 15
930.36, 1002.58, 15
-801.51, 1070.74, 15
-1142.88, -638.20, 15
-488.57, 802.47, 15
-860.06, -345.86, 15
186.44, -909.59, 15
929.04, 64.09, 15
30.97, 933.24, 15
-903.05, 210.46, 15
-329.76, -870.11, 15
808.71, -487.44, 15
1094.43, 71.24, 15
23.33, 1089.00, 15
-1057.31, 233.34, 15
898.99, -184.63, 15
371.78, 846.18, 15
812.81, 547.03, 15
-414.49, 908.95, 15
54.88, -1057.08, 15
1044.52, -184.87, 15
354.22, 1002.25, 15
-983.73, 410.00, 15
-609.45, -878.87, 15
803.00, -732.64, 15
223.52, -1079.09, 15
-1093.48, 216.70, 15
-448.86, -1041.11, 15
961.93, -618.75, 15
800.66, 830.01, 15
408.17, -122.82, 15
59.48, 409.20, 15
-356.21, 185.79, 15
-225.43, -319.78, 15
295.48, -241.32, 15
133.42, 349.13, 15
-256.43, 261.50, 15
-138.69, -330.58, 15
190.80, -296.69, 15
250.18, 240.82, 15
-254.35, 229.75, 15
-544.72, -202.09, 13
37.93, -576.50, 15
574.55, 33.02, 15
43.48, 571.85, 15
-739.42, 2197.69, 15
-2271.07, -439.74, 15
133.57, -2301.88, 15
2281.36, -280.20, 15
615.59, 2214.53, 15
-2094.58, 935.51, 15
-1111.11, -2002.95, 15
1793.30, -1423.73, 15
1650.16, 1588.87, 15
-1300.36, 1892.87, 15
-2057.15, -1041.44, 15
726.89, -2195.55, 15
2286.00, 394.28, 15
-51.03, 2332.69, 15
-2327.09, 297.25, 15
1973.12, -713.02, 15
1077.20, 1786.64, 15
-1646.16, 1319.95, 15
-1563.35, -1444.82, 15
1205.59, -1773.23, 15
1976.80, 875.50, 15
-544.11, 2109.97, 15
-2175.86, -294.89, 15
-31.48, -2214.53, 15
2209.03, -363.60, 15
663.31, 2171.71, 15
-2065.29, 1025.77, 15
418.47, -398.34, 15
-337.00, 426.73, 15
-496.13, -215.72, 15
461.36, -310.75, 15
-334.81, 441.38, 15
-474.13, -298.93, 15
692.74, -273.43, 15
394.07, 634.01, 15
626.65, 408.88, 15
-355.04, 662.91, 15
-703.03, -275.95, 15
732.69, 21.48, 15
41.92, 733.30, 15
-725.53, 128.11, 15
-269.17, -692.80, 15
626.11, -411.99, 15
495.65, 570.52, 15
-603.05, -445.06, 15
285.19, -687.71, 15
717.15, 227.11, 15
-108.02, 754.81, 15
-728.06, -450.18, 9
293.42, -823.27, 15
883.59, 102.35, 10
44.63, 905.90, 8
-901.99, 210.62, 13
-918.61, -505.48, 13
403.91, -995.69, 10
-2374.48, -109.42, 15
-279.20, -2345.19, 15
2317.78, -596.26, 15
-1696.98, -1896.98, 15
1566.37, -2081.15, 15
-2747.58, -597.28, 15
2934.94, -292.74, 15
713.90, 2815.40, 15
-2618.28, 1050.73, 15
-1351.47, -2388.40, 15
2157.17, -1581.43, 15
1811.98, 1884.07, 15
-1623.11, 1977.74, 15
-2131.26, -1318.25, 15
967.34, -2256.38, 15
2337.02, 573.06, 15
-179.49, 2359.68, 15
2205.62, -897.54, 15
1189.66, 2078.92, 15
-1871.99, 1432.16, 15
-1696.66, -1590.74, 15
1392.35, -1827.22, 15
-847.16, 1698.45, 15
-1814.38, -588.71, 15
-1699.58, 351.26, 14
1530.22, -839.24, 15
-1102.70, 1370.45, 15
-1514.04, -916.35, 15
657.35, -1647.18, 15
-171.88, 1757.36, 15
-176.67, -1651.07, 15
1009.74, -1397.05, 15
-696.07, 1228.51, 15
-985.71, -1500.73, 15
-823.01, 1641.48, 15
-1759.20, -636.34, 15
372.52, -1855.22, 15
1914.69, 34.45, 15
-703.68, -1250.05, 15
1142.05, -806.31, 15
930.53, 1002.77, 15
-882.80, 1005.11, 15
-1132.77, -655.98, 15
-849.07, -372.66, 15
256.86, -892.26, 15
926.83, 93.11, 15
45.54, 932.64, 15
-922.49, 96.26, 15
-356.88, -859.61, 15
808.71, -487.44, 15
1092.94, 88.32, 15
57.34, 1087.74, 15
-1061.07, 216.84, 15
889.35, -226.55, 15
398.04, 834.15, 14
837.77, 508.48, 15
-428.75, 902.59, 15
54.87, -1056.83, 15
1043.78, -184.74, 15
354.05, 1001.78, 15
-941.25, 500.41, 15
-623.10, -869.24, 15
791.64, -745.27, 15
307.20, -1058.84, 15
-1089.97, 233.76, 15
-433.02, -1049.15, 15
954.02, -634.95, 15
776.69, 857.22, 15
176.47, 373.67, 15
-372.04, 151.63, 15
-74.73, -384.05, 15
313.41, -217.52, 15
256.30, 272.03, 15
-326.80, 164.80, 15
-193.19, -301.99, 15
301.43, -183.22, 15
284.61, 198.95, 15
-206.91, 272.93, 15
64.90, -574.09, 15
574.30, 33.01, 15
16.63, 573.01, 11
-841.31, 2159.93, 15
-2263.92, -475.17, 15
205.45, -2296.83, 15
2292.91, -137.07, 15
510.42, 2237.78, 15
-2146.58, 801.98, 15
-1016.15, -2053.04, 15
1816.12, -1396.15, 15
1625.31, 1614.64, 15
-1359.17, 1851.72, 15
-2024.27, -1105.57, 15
760.94, -2183.45, 15
2285.75, 394.24, 15
-51.05, 2333.44, 15
-2327.59, 297.32, 15
1962.21, -743.94, 15
1076.68, 1785.78, 15
-1646.16, 1319.95, 15
-1540.58, -1469.07, 15
1233.44, -1754.59, 15
1963.56, 906.60, 15
-544.17, 2110.21, 15
-2165.34, -362.69, 15
-31.47, -2214.03, 15
2202.58, -397.98, 15
730.92, 2150.16, 15
-2012.56, 1120.08, 15
412.20, -404.83, 15
-236.36, 489.69, 15
-473.76, -261.22, 15
-557.00, 188.40, 15
424.68, -359.25, 15
-479.81, -292.14, 15
679.17, -305.59, 15
432.90, 608.16, 15
656.87, 358.85, 15
-225.17, 717.23, 15
-741.90, -140.02, 15
109.18, -737.46, 15
732.89, -58.80, 15
64.81, 731.63, 15
-693.16, 250.40, 15
-290.68, -684.05, 15
638.46, -392.10, 15
-651.00, -364.81, 15
274.14, -691.38, 15
746.91, 89.45, 15
10.75, 762.42, 15
-759.19, 149.38, 9
-793.17, -318.56, 11
188.17, -851.97, 15
888.14, 33.05, 11
171.16, 890.70, 8
-858.22, 348.41, 8
-362.62, -872.39, 10
-948.16, -447.01, 11
211.23, -1053.53, 13
-2381.79, 113.70, 15
-497.57, -2309.00, 15
2236.28, -844.72, 15
-1912.33, -1663.72, 15
1324.61, -2230.88, 15
-2807.08, -250.65, 13
-167.77, -2798.98, 15
1021.24, 2732.12, 15
-1639.74, -2202.67, 15
1885.68, -1898.74, 15
2084.29, 1580.06, 15
-1332.09, 2189.34, 15
-2330.88, -936.55, 15
606.03, -2385.73, 15
2390.31, 315.16, 15
153.12, 2363.04, 15
1509.20, 1822.49, 15
-1658.21, 1685.93, 15
-1925.19, -1308.46, 15
1060.02, -2039.76, 15
-601.77, 1803.50, 15
-1849.31, -353.27, 15
-1613.30, 636.31, 15
-1626.38, -694.60, 15
444.22, -1706.12, 15
75.65, 1752.87, 15
-558.04, -1572.68, 15
-1421.30, -978.40, 15
756.25, -1549.83, 15
1659.61, 551.21, 15
832.00, 1573.31, 15
-1256.34, -1299.13, 15
-1867.98, -270.78, 15
-38.85, -1886.60, 15
1880.90, -321.92, 15
-908.84, -1113.41, 15
893.51, -1081.68, 15
1117.15, 796.90, 15
-645.44, 1176.02, 15
-1225.48, -473.42, 15
1176.58, 176.54, 15
-919.14, -122.36, 15
100.42, -922.55, 15
924.33, -95.54, 15
146.49, 918.39, 15
-858.11, 332.43, 15
722.43, -606.87, 15
1096.67, -48.69, 15
226.07, 1066.30, 15
-1025.76, 347.44, 15
817.65, -413.47, 12
487.64, 787.20, 15
-1044.05, 67.78, 15
-192.20, -1041.41, 15
1012.60, -313.43, 15
519.68, 925.59, 15
-879.97, 599.46, 15
-785.28, -725.33, 15
658.67, -849.89, 15
18.25, -1089.35, 15
-1011.67, 463.99, 15
-663.07, -917.47, 15
829.01, -786.52, 15
324.69, -272.68, 15
159.54, 383.38, 15
-283.07, 287.55, 15
-259.82, -294.19, 15
317.60, -213.16, 15
265.21, 264.41, 15
-256.78, 261.86, 15
-317.86, -167.94, 15
157.72, -316.64, 15
288.30, 194.90, 15
-61.42, 337.71, 15
47.00, -576.59, 15
564.61, -110.11, 15
216.43, 528.93, 14
-317.18, 2299.73, 15
-2311.88, 63.57, 15
-404.39, -2268.49, 15
2199.82, -666.25, 15
980.12, 2065.78, 15
-1854.88, 1333.13, 15
-1463.56, -1759.00, 15
1493.38, -1729.46, 15
1936.12, 1222.92, 15
-956.84, 2086.02, 15
-2224.93, -567.85, 15
268.57, -2293.08, 15
2322.33, -111.45, 15
385.26, 2304.77, 15
-2208.54, 795.68, 15
1364.76, 1573.63, 15
-1370.13, 1602.33, 15
-1822.25, -1099.48, 15
822.22, -1977.91, 15
2095.71, 524.09, 15
-140.96, 2169.68, 15
-2188.45, 115.64, 15
-409.07, -2172.83, 15
2088.16, -800.95, 15
1088.13, 1993.91, 15
-1856.20, 1361.51, 15
-1724.63, -1581.54, 15
-535.91, -275.32, 15
-132.90, 528.03, 15
-502.86, -200.21, 15
-523.78, 274.29, 15
377.09, -409.95, 15
-298.67, 465.11, 15
-529.54, -171.11, 15
610.09, -426.69, 15
538.49, 516.64, 15
677.78, 317.02, 15
-179.82, 729.41, 15
-750.19, -93.53, 15
-7.00, -755.97, 15
740.35, -71.06, 15
243.23, 691.20, 15
-683.84, 271.47, 15
-431.77, -604.06, 15
503.87, -553.16, 15
652.63, 380.10, 15
-284.60, 715.74, 15
59.79, -740.09, 15
750.87, 30.85, 15
175.72, 740.95, 15
-730.29, 254.15, 8
-828.53, -203.89, 15
93.83, -865.43, 15
877.73, -118.93, 10
-505.55, -796.04, 9
78.03, -1068.91, 10
-2336.52, 521.45, 15
-816.21, -2216.23, 15
2108.87, -1114.49, 15
1538.92, 1895.42, 15
961.03, -2409.14, 15
-603.27, -2747.81, 15
1478.52, 2525.83, 15
-1968.25, -1926.27, 15
1604.22, -2148.70, 15
2267.19, 1309.12, 15
-1012.47, 2355.36, 15
-2430.43, -638.90, 15
342.30, -2439.85, 15
2415.99, -60.80, 15
555.95, 2305.93, 15
1750.85, 1593.97, 15
-1346.86, 1946.75, 15
-2094.97, -1028.35, 15
731.91, -2186.50, 14
-314.24, 1877.89, 15
-1880.26, -61.14, 15
1779.62, -513.60, 15
-1465.36, 925.21, 15
-1179.52, -1324.06, 15
-611.46, 1678.07, 15
-1700.05, -486.34, 15
200.58, -1750.55, 15
428.01, 1702.78, 15
-1641.39, 596.00, 15
-1540.82, -767.74, 13
531.48, -1640.30, 15
1721.47, 285.62, 15
1027.40, 1465.49, 15
-1458.21, -1063.79, 15
1763.98, 488.05, 15
-1860.11, 22.87, 15
-331.70, -1856.09, 15
1807.42, -610.54, 15
715.32, -1209.27, 15
1265.53, 536.36, 15
-335.30, 1302.54, 15
-1295.45, -237.28, 15
1203.43, -27.61, 15
-925.81, -35.75, 15
-187.97, -908.25, 15
905.20, -210.04, 15
380.79, 844.08, 15
-765.27, 528.02, 15
-609.39, -714.73, 15
585.15, -740.13, 15
1023.40, -399.88, 15
468.37, 986.45, 15
-882.09, 634.35, 15
699.28, -592.05, 13
688.82, 622.60, 15
240.39, -914.95, 15
-1019.90, 262.96, 15
-443.56, -960.81, 15
902.94, -553.81, 15
707.49, 790.01, 15
-691.25, 808.87, 15
-915.03, -551.74, 15
442.46, -977.80, 15
-284.24, -1049.44, 15
530.45, 971.35, 15
-902.92, 662.68, 15
-856.69, -737.26, 15
607.98, -966.12, 15
1065.80, 447.03, 15
-305.59, 265.40, 15
-236.82, -314.57, 15
251.49, -290.19, 15
303.93, 220.51, 15
-164.51, 329.46, 15
-267.73, -242.53, 15
106.90, -338.52, 15
345.77, 49.20, 15
-82.64, 334.18, 15
-184.68, -548.23, 15
523.61, -238.22, 15
333.93, 465.02, 15
261.98, 2309.69, 15
-2216.74, 669.03, 15
-954.81, -2101.79, 15
1931.19, -1252.42, 15
1445.24, 1740.42, 15
-1423.16, 1752.73, 15
-1850.81, -1340.47, 15
986.89, -2060.61, 15
2185.43, 670.60, 15
-375.68, 2264.04, 15
-2304.00, 0.26, 15
-271.66, -2295.73, 15
2220.41, -681.88, 15
974.17, 2117.13, 15
-1893.02, 1371.69, 15
1741.41, 1128.78, 15
-838.76, 1926.86, 15
-2025.62, -645.55, 15
340.09, -2112.80, 15
2152.34, -77.95, 15
332.24, 2142.14, 15
-2088.70, 652.51, 15
-932.44, -2000.90, 15
1819.17, -1288.48, 15
1539.26, 1653.75, 15
-1371.33, 1837.74, 15
-2037.77, -1133.89, 15
195.13, -549.37, 15
-49.38, 545.27, 15
-534.98, 82.14, 15
-44.51, -538.16, 15
350.90, -432.89, 15
-553.31, -52.04, 15
741.85, 105.02, 15
-28.97, 750.44, 15
-749.51, 94.92, 15
-284.06, -702.49, 15
664.43, -338.08, 15
338.05, 650.96, 15
-535.24, 501.54, 15
-549.96, -493.63, 15
329.88, -669.94, 15
689.08, 306.08, 15
-189.69, 732.33, 15
-32.73, -737.02, 15
734.91, -155.82, 15
277.65, 708.54, 15
-659.65, 407.75, 12
818.70, -331.45, 9
408.36, 801.74, 8
471.44, -838.28, 11
903.26, 392.87, 10
-1037.37, -100.73, 11
-171.61, -1053.36, 11
-728.16, -34.97, 9
-1372.12, -1928.11, 15
1713.98, -1653.43, 15
1931.88, 1482.25, 15
-2351.85, -876.16, 15
452.08, -2535.51, 15
-2736.44, 804.52, 12
-1185.93, -2553.00, 15
1996.86, 2150.65, 15
-2369.07, -1420.88, 15
1142.34, -2437.88, 15
2520.01, 750.02, 15
-399.59, 2541.02, 15
-2518.90, -96.54, 15
-272.79, -2456.15, 15
2360.63, -548.45, 15
1012.46, 2152.25, 15
-2255.00, -621.21, 15
276.26, -2293.17, 15
101.18, 1909.07, 15
-1852.35, 379.10, 15
1648.72, -866.93, 15
-1417.77, -1125.99, 15
-369.75, 1745.01, 15
-1763.33, -105.72, 15
-183.82, -1749.87, 15
637.51, 1637.53, 15
-1517.01, 868.94, 15
-1665.00, -497.56, 12
191.74, -1732.67, 15
1742.69, -67.49, 15
1211.39, 1294.97, 15
-1601.54, -821.63, 15
1775.85, 373.73, 15
-1821.74, 280.77, 15
-559.40, -1796.68, 15
1740.04, -776.04, 15
-1215.95, -785.77, 15
581.62, -1285.82, 15
1326.86, 375.62, 15
-275.02, 1322.20, 15
-1319.92, -74.20, 15
1193.23, -158.81, 15
-925.09, 51.08, 15
-244.33, -894.74, 15
855.94, -361.76, 15
494.54, 781.11, 15
-682.60, 629.05, 15
-713.00, -611.03, 15
549.54, -766.33, 15
1029.52, -383.84, 15
602.15, 911.28, 15
-830.08, 701.42, 15
671.68, -625.02, 15
762.71, 533.01, 15
283.00, -902.68, 15
-987.98, 356.26, 15
-517.19, -923.26, 15
847.13, -635.91, 15
707.49, 790.01, 15
-665.64, 830.07, 15
-955.30, -478.64, 15
395.79, -996.53, 15
-348.83, -1028.45, 15
575.38, 945.43, 15
-825.18, 757.28, 15
-856.69, -737.26, 15
546.45, -1002.20, 15
1063.03, 445.87, 15
317.43, 271.58, 15
-231.14, 333.78, 15
-261.47, -296.07, 15
273.90, -270.20, 15
293.66, 234.82, 15
-154.13, 334.44, 15
-282.36, -225.34, 15
153.30, -320.20, 15
300.99, 177.15, 15
-143.48, 312.92, 15
-332.26, 68.52, 15
-150.07, -558.69, 15
534.89, -213.70, 15
327.05, 470.80, 15
652.86, 1147.53, 9
-2227.16, 634.39, 15
-987.22, -2085.93, 15
1910.97, -1282.16, 15
1444.61, 1739.65, 15
-1476.73, 1706.84, 15
-1912.22, -1252.68, 15
889.35, -2104.82, 15
2214.21, 567.40, 15
-233.30, 2280.85, 15
-2302.12, 72.22, 15
-414.70, -2275.27, 15
2198.25, -751.00, 15
1072.42, 2069.38, 15
-1848.45, 1429.56, 15
1758.20, 1101.04, 15
-808.46, 1939.50, 15
-2068.61, -485.21, 15
140.73, -2134.12, 15
2148.60, -145.14, 15
498.41, 2109.67, 15
-2067.53, 717.53, 15
-1025.29, -1955.23, 15
1756.99, -1372.46, 15
1639.37, 1554.21, 15
-1283.15, 1899.15, 15
-2103.94, -1004.08, 15
169.47, -558.87, 15
-91.79, 539.75, 15
-532.15, 98.82, 15
-144.05, -520.43, 15
294.59, -473.90, 15
-554.67, 34.70, 15
743.65, 93.44, 15
6.23, 751.22, 15
-711.05, 255.31, 15
-294.81, -697.51, 15
683.56, -295.62, 15
479.98, 554.65, 15
-558.53, 476.23, 15
-620.07, -402.03, 15
276.59, -693.64, 15
718.37, 229.03, 15
-26.26, 756.29, 15
-67.28, -735.18, 15
724.63, -189.52, 15
362.99, 666.86, 15
-563.47, 532.10, 15
824.01, -318.71, 11
470.58, -836.75, 15
946.76, 261.65, 8
-730.50, -0.81, 8
-1461.27, -1862.09, 15
1574.90, -1776.73, 15
2013.63, 1353.95, 15
172.55, -2568.96, 15
-2611.57, 1138.01, 13
-1455.32, -2404.65, 15
2227.06, 1926.21, 15
-2462.08, -1274.73, 15
871.34, -2553.69, 15
2590.01, 471.04, 15
-119.93, 2571.45, 15
-2518.12, 139.75, 15
-501.68, -2420.56, 15
2275.94, -839.26, 15
1244.87, 2034.63, 15
2165.21, 982.63, 15
-613.39, 2292.09, 15
-2318.57, -335.76, 15
-47.97, -2313.25, 14
367.76, 1876.04, 15
-1798.71, 578.65, 15
1510.12, -1088.87, 15
-65.95, 1785.03, 15
-1763.74, 142.72, 15
-427.70, -1708.53, 15
836.57, 1545.05, 15
-1348.35, 1117.51, 15
930.01, -1369.58, 15
-1722.75, -259.95, 15
-25.84, -1747.56, 15
1717.75, -311.39, 15
1425.89, 1042.34, 15
-1699.47, -588.56, 15
252.38, -1822.61, 15
-1750.38, 650.95, 15
-884.51, -1660.91, 15
1531.17, -1135.89, 15
-1374.92, -461.31, 15
289.29, -1384.09, 15
1375.86, 121.90, 15
60.80, 1352.38, 15
-1288.74, 316.36, 15
-868.98, 319.20, 15
-432.44, -819.95, 15
739.43, -561.97, 15
645.59, 669.06, 15
-589.91, 721.22, 15
-846.59, -401.57, 15
286.48, -895.54, 15
934.06, 151.40, 15
-99.00, 934.77, 15
762.51, 784.14, 15
-658.84, 865.84, 15
455.45, -787.24, 15
-82.18, -944.18, 15
948.09, -165.91, 15
-859.61, 583.16, 15
-739.50, -753.14, 15
650.33, -835.79, 15
940.80, 491.07, 15
-377.85, 993.58, 15
-1045.48, -210.69, 15
70.25, -1069.95, 15
-1058.90, -388.01, 15
158.66, -1127.39, 15
1147.61, 61.33, 15
146.79, 1151.68, 15
416.82, 60.95, 15
-99.72, 396.66, 15
-359.68, -169.82, 15
156.91, -354.04, 15
363.11, 105.95, 15
65.34, 364.19, 15
-357.26, 61.40, 15
-106.47, -339.97, 15
350.35, 16.69, 15
34.93, 343.48, 15
-325.34, 99.62, 15
-438.10, -380.09, 15
338.95, -466.64, 15
456.15, 347.60, 15
1093.06, 748.46, 11
-1603.65, 1680.32, 15
-1899.45, -1336.44, 15
1033.45, -2063.98, 15
2170.49, 745.67, 15
-379.35, 2259.12, 15
-2290.65, -39.97, 15
-229.28, -2280.00, 15
2219.05, -564.60, 15
920.96, 2097.74, 15
-1961.64, 1194.58, 15
-1505.81, -1746.47, 15
1454.18, -1801.60, 15
1966.84, 1237.01, 15
-936.10, 2139.14, 15
-2275.67, -538.42, 15
2065.68, 58.34, 15
348.65, 2061.22, 15
-2010.91, 658.55, 15
-955.46, -1902.56, 15
1750.16, -1234.52, 15
1494.01, 1561.71, 15
-1363.66, 1706.28, 15
-1904.64, -1104.05, 15
814.84, -2061.56, 15
2200.93, 437.54, 15
-36.59, 2277.21, 15
-2298.09, 234.30, 15
530.66, -215.50, 15
-431.10, 329.33, 15
-351.30, -410.77, 15
-576.68, -19.16, 15
-125.43, -547.82, 15
549.87, -94.89, 11
737.61, -93.39, 15
145.97, 732.35, 15
480.91, 575.85, 15
-444.89, 607.21, 15
-625.77, -421.52, 15
705.31, 202.29, 15
-163.20, 715.88, 15
-733.43, 48.04, 15
-89.25, -736.61, 15
709.28, -244.53, 15
371.10, 660.08, 15
-527.85, -534.91, 15
389.52, -636.23, 15
675.75, 337.28, 15
-132.07, 754.02, 15
-772.91, -79.58, 9
465.35, -740.40, 15
-929.45, 9.89, 8
-136.06, -938.69, 15
909.86, -337.67, 9
466.39, 877.22, 11
-800.61, -682.83, 13
-2319.32, -513.59, 15
89.12, -2359.57, 15
2383.20, -266.03, 15
-1513.14, -2049.12, 15
-2677.46, -851.19, 15
2970.08, -63.24, 15
491.86, 2861.79, 15
-1157.24, -2478.66, 15
2269.76, -1405.61, 15
1656.71, 2016.46, 15
-1680.33, 1921.73, 15
-2042.72, -1447.35, 15
1174.32, -2155.92, 15
2284.92, 753.63, 15
-289.77, 2347.94, 15
2262.04, -720.46, 15
1087.53, 2125.71, 15
-1936.63, 1342.59, 15
-1620.43, -1668.67, 15
1449.24, -1783.40, 15
-925.81, 1656.89, 15
-1705.11, 324.71, 12
1503.03, -886.52, 15
-1058.59, 1403.24, 15
-1527.31, -892.07, 15
657.26, -1646.94, 15
-116.87, 1761.63, 15
-280.42, -1642.48, 15
-1309.03, -1130.31, 15
943.57, -1443.46, 15
-577.81, 1287.82, 15
-1183.78, -1388.00, 15
-1830.66, -413.37, 15
108.56, -1884.88, 15
1897.83, -203.87, 15
-943.19, -1084.47, 15
926.71, -1053.05, 15
1164.74, 725.57, 15
-589.74, 1205.20, 15
-1254.33, -396.48, 15
1186.29, 121.50, 15
-918.89, -122.32, 15
-29.88, -927.52, 15
919.08, -138.79, 15
260.75, 896.08, 15
-861.14, 333.60, 15
731.82, -595.51, 15
1085.05, -168.15, 15
308.67, 1045.64, 15
-1004.37, 411.78, 15
759.72, -512.18, 15
593.64, 711.66, 15
351.93, -876.21, 15
-1037.03, 199.26, 15
-367.39, -992.96, 15
943.63, -481.77, 15
604.04, 872.88, 15
-716.69, 787.43, 15
-878.78, -607.82, 15
502.79, -948.48, 15
-151.25, -1077.18, 15
437.59, 1017.66, 15
-944.23, 606.07, 15
-797.24, -802.58, 15
709.81, -893.98, 15
1028.99, 529.53, 15
-305.59, 265.40, 15
-314.83, -236.48, 15
260.43, -282.19, 15
320.00, 195.99, 15
-121.90, 346.69, 15
-281.97, -225.02, 15
96.27, -341.70, 15
336.94, 91.92, 15
-34.98, 342.47, 15
-141.45, -561.46, 15
475.77, -324.68, 15
297.01, 490.31, 15
742.40, 1095.98, 15
-2149.24, 875.59, 15
-1271.35, -1929.27, 15
1734.51, -1508.93, 15
-2060.44, -1007.91, 15
620.88, -2202.41, 15
2273.12, 251.59, 15
52.90, 2292.89, 15
-2252.42, 464.18, 15
-829.84, -2153.66, 15
2016.04, -1145.50, 15
1439.20, 1833.01, 15
-1579.08, 1727.22, 15
1926.57, 751.65, 15
-400.39, 2061.73, 15
-2120.11, -124.20, 15
-192.73, -2126.03, 15
2078.81, -541.78, 15
973.71, 1934.24, 15
-1876.19, 1117.44, 15
-1472.64, -1635.77, 15
1417.60, -1721.42, 15
1920.89, 1192.60, 15
-872.61, 2116.42, 15
-2268.84, -485.71, 15
35.21, -585.69, 15
104.52, 540.74, 15
-504.64, 196.37, 15
-304.08, -446.25, 15
-543.78, -167.52, 15
168.26, -532.29, 15
-530.01, 162.12, 15
-28.14, 747.22, 15
203.15, 723.00, 15
-661.13, 362.01, 15
-484.83, -579.41, 15
536.29, -517.49, 15
609.38, 409.61, 15
-324.77, 657.96, 15
-664.46, -321.15, 15
153.57, -729.26, 15
751.30, 32.33, 15
138.67, 744.95, 15
-316.70, -681.51, 15
624.06, -412.38, 15
497.57, 570.50, 15
-449.28, 620.72, 15
647.26, -595.83, 14
145.64, -944.84, 8
977.39, 34.48, 10
-497.81, -934.14, 12
-2030.54, -1190.89, 15
845.14, -2205.89, 15
2355.94, 519.31, 15
-661.51, -2476.16, 15
-2141.59, 1891.42, 8
-2178.46, -1771.77, 15
2759.70, 1068.28, 15
-629.07, 2807.64, 15
-2779.27, -286.56, 15
-125.48, -2715.35, 15
2621.93, -391.50, 15
796.16, 2461.97, 15
-2286.05, 1093.22, 15
-1361.61, -2081.15, 15
1845.60, -1594.90, 15
1792.53, 1587.59, 15
2380.65, 121.59, 15
195.61, 2372.45, 15
-2294.15, 502.34, 15
982.22, 1648.58, 15
-1501.44, 1153.29, 15
-643.18, 1598.18, 15
-1699.04, -376.49, 15
584.23, 1661.79, 15
-1579.87, 805.24, 15
-1047.66, -1419.19, 15
1394.89, 1066.28, 15
-870.19, 1522.05, 15
335.24, -1605.11, 15
-1665.86, 464.83, 15
-685.46, -1597.12, 15
1465.79, -939.44, 15
-1076.75, 899.46, 15
-1783.39, 214.56, 15
-425.21, -1757.29, 15
-1352.50, 1251.59, 15
-1502.89, -1128.23, 15
929.00, -1658.26, 15
1818.94, 624.02, 15
-1446.40, 211.26, 15
-326.60, -1385.78, 15
1299.02, -496.02, 15
724.38, 1153.99, 15
-1089.22, 770.59, 15
-916.09, -925.54, 15
-629.67, 675.89, 15
-693.37, -615.65, 15
494.29, -785.70, 15
883.51, 276.45, 15
-199.32, 904.81, 15
-933.24, -5.05, 15
-46.71, -937.84, 15
904.88, -272.43, 15
406.66, 860.77, 15
1034.75, 355.16, 15
-180.12, 1074.51, 15
-1061.43, -151.92, 15
917.75, -85.76, 15
93.55, 918.75, 13
-487.68, 880.17, 15
170.06, -1045.51, 15
1059.84, 29.63, 15
111.75, 1056.86, 15
-1032.69, 268.39, 15
-466.13, -964.80, 15
462.07, -985.01, 15
-173.02, 1097.19, 15
-1120.32, 96.88, 15
-298.97, -1095.43, 15
1048.56, -462.43, 15
122.06, 393.77, 15
-390.37, 91.72, 15
-50.47, -386.97, 15
380.13, -16.82, 15
204.76, 309.98, 15
-305.18, 198.40, 15
-143.64, -327.92, 15
282.56, -210.34, 15
119.33, 325.57, 15
-250.36, 233.35, 15
127.24, -563.82, 15
547.81, 173.91, 15
-54.89, 570.11, 11
-1006.45, 2085.88, 15
-2197.81, -719.22, 15
348.43, -2279.02, 15
2296.11, 42.29, 15
369.53, 2264.55, 15
-2200.94, 631.52, 15
-918.33, -2097.25, 15
1958.53, -1190.08, 15
1523.77, 1715.81, 15
-1501.34, 1742.08, 15
-1970.88, -1199.60, 15
